PLAYER_NAME,TEAM_ABBREVIATION,AGE,GP,MIN,FGM,FGA,FG_PCT,FG3M,FG3A,FG3_PCT,FTM,FTA,FT_PCT,OREB,DREB,REB,AST,STL,BLK,TOV,PF,PTS,PLUS_MINUS
A.J. Lawson,DAL,23.0,42,7.4,1.3,2.9,0.446,0.3,1.2,0.26,0.4,0.5,0.652,0.3,0.9,1.2,0.5,0.2,0.1,0.3,0.5,3.2,0.4
AJ Green,MIL,24.0,56,11.0,1.5,3.5,0.423,1.2,3.0,0.408,0.3,0.3,0.895,0.2,1.0,1.1,0.5,0.2,0.1,0.2,0.9,4.5,0.9
AJ Griffin,ATL,20.0,20,8.5,0.9,3.1,0.29,0.5,2.0,0.256,0.1,0.1,1.0,0.1,0.8,0.9,0.3,0.1,0.1,0.4,0.3,2.4,-2.6
Aaron Gordon,DEN,28.0,73,31.5,5.5,9.8,0.556,0.5,1.9,0.29,2.4,3.7,0.658,2.4,4.1,6.5,3.5,0.8,0.6,1.4,1.9,13.9,5.8
Aaron Holiday,HOU,27.0,78,16.3,2.4,5.3,0.446,1.1,2.8,0.387,0.7,0.8,0.921,0.3,1.3,1.6,1.8,0.5,0.1,0.7,1.6,6.6,1.1
Aaron Nesmith,IND,24.0,72,27.7,4.4,8.8,0.496,1.9,4.6,0.419,1.5,1.9,0.781,0.9,2.9,3.8,1.5,0.9,0.7,0.9,3.3,12.2,2.2
Aaron Wiggins,OKC,25.0,78,15.7,2.7,4.8,0.562,0.8,1.6,0.492,0.7,0.9,0.789,0.8,1.6,2.4,1.1,0.7,0.2,0.7,1.2,6.9,1.2
Adam Flagler,OKC,24.0,2,7.0,0.5,3.5,0.143,0.5,3.0,0.167,0.0,0.0,0.0,0.0,0.0,0.0,2.0,0.0,0.0,0.0,0.0,1.5,0.0
Adama Sanogo,CHI,22.0,9,7.3,1.6,3.0,0.519,0.0,0.0,0.0,0.9,1.3,0.667,2.1,1.9,4.0,0.0,0.1,0.0,0.6,0.6,4.0,3.8
Admiral Schofield,ORL,27.0,23,3.7,0.4,1.1,0.385,0.3,0.7,0.375,0.0,0.1,0.0,0.1,0.6,0.7,0.3,0.0,0.0,0.2,0.4,1.1,-0.6
Al Horford,BOS,38.0,65,26.8,3.3,6.4,0.511,1.7,4.0,0.419,0.4,0.5,0.867,1.3,5.1,6.4,2.6,0.6,1.0,0.7,1.4,8.6,6.5
Alec Burks,NYK,32.0,66,18.4,3.2,8.6,0.369,1.9,5.0,0.376,2.2,2.5,0.868,0.4,1.9,2.3,1.3,0.4,0.2,0.7,1.1,10.4,-3.9
Aleksej Pokusevski,CHA,22.0,28,14.5,1.8,4.3,0.405,0.6,2.0,0.327,1.1,1.5,0.732,0.6,2.6,3.2,1.3,0.5,0.5,0.7,0.8,5.2,-2.6
Alex Caruso,CHI,30.0,71,28.7,3.6,7.6,0.468,1.9,4.7,0.408,1.0,1.4,0.76,0.9,3.0,3.8,3.5,1.7,1.0,1.4,2.5,10.1,0.1
Alex Fudge,DAL,21.0,6,6.7,1.0,2.5,0.4,0.2,0.8,0.2,0.3,0.3,1.0,0.7,0.2,0.8,0.0,0.5,0.0,0.3,0.3,2.5,-6.5
Alex Len,SAC,31.0,48,9.3,1.0,1.7,0.617,0.0,0.1,0.0,0.4,0.7,0.588,1.0,1.7,2.7,1.0,0.2,0.7,0.6,1.4,2.5,3.0
Alondes Williams,MIA,25.0,7,2.2,0.3,1.1,0.25,0.0,0.6,0.0,0.1,0.1,1.0,0.0,0.1,0.1,0.0,0.0,0.1,0.3,0.3,0.7,-2.9
Alperen Sengun,HOU,21.0,63,32.5,8.4,15.6,0.537,0.5,1.8,0.297,3.9,5.6,0.693,2.9,6.4,9.3,5.0,1.2,0.7,2.6,3.3,21.1,0.8
Amari Bailey,CHA,20.0,10,6.5,0.8,2.4,0.333,0.1,0.8,0.125,0.6,0.7,0.857,0.6,0.3,0.9,0.7,0.3,0.0,0.4,0.2,2.3,0.5
Amen Thompson,HOU,21.0,62,22.4,3.9,7.2,0.536,0.1,0.9,0.138,1.7,2.5,0.684,2.4,4.2,6.6,2.6,1.3,0.6,1.5,2.3,9.5,0.7
Amir Coffey,LAC,27.0,70,20.9,2.4,5.0,0.472,1.0,2.6,0.38,0.9,1.0,0.859,0.4,1.7,2.1,1.1,0.6,0.2,0.5,1.5,6.6,-1.3
Andre Drummond,CHI,30.0,79,17.1,3.4,6.1,0.556,0.0,0.0,0.0,1.6,2.8,0.592,3.4,5.6,9.0,0.5,0.9,0.6,1.0,1.8,8.4,0.3
Andre Jackson Jr.,MIL,22.0,57,10.0,0.9,1.8,0.5,0.3,0.8,0.37,0.1,0.2,0.727,0.8,1.2,2.0,0.9,0.3,0.1,0.5,1.6,2.2,-1.6
Andrew Funk,CHI,24.0,5,2.7,0.0,0.8,0.0,0.0,0.6,0.0,0.0,0.0,0.0,0.0,0.0,0.0,0.0,0.2,0.2,0.0,0.0,0.0,0.8
Andrew Nembhard,IND,24.0,68,25.0,3.8,7.7,0.498,0.9,2.5,0.357,0.7,0.8,0.804,0.5,1.5,2.1,4.1,0.9,0.1,1.5,2.1,9.2,1.0
Andrew Wiggins,GSW,29.0,71,27.0,5.0,11.0,0.453,1.3,3.6,0.358,2.0,2.7,0.751,1.5,3.0,4.5,1.7,0.6,0.6,1.2,2.1,13.2,-0.8
Anfernee Simons,POR,25.0,46,34.4,7.8,18.2,0.43,3.4,8.8,0.385,3.5,3.9,0.916,0.5,3.2,3.6,5.5,0.5,0.1,2.7,2.1,22.6,-7.2
Anthony Black,ORL,20.0,69,16.9,1.7,3.6,0.466,0.5,1.4,0.394,0.7,1.2,0.613,0.5,1.5,2.0,1.3,0.5,0.3,0.8,1.6,4.6,-0.5
Anthony Davis,LAL,31.0,76,35.5,9.4,16.9,0.556,0.4,1.4,0.271,5.5,6.8,0.816,3.1,9.5,12.6,3.5,1.2,2.3,2.1,2.3,24.7,2.0
Anthony Edwards,MIN,22.0,79,35.1,9.1,19.7,0.461,2.4,6.7,0.357,5.4,6.4,0.836,0.7,4.8,5.4,5.1,1.3,0.5,3.1,1.8,25.9,5.5
Anthony Gill,WAS,31.0,50,9.3,1.5,3.2,0.469,0.2,0.8,0.244,0.6,0.7,0.806,0.7,1.1,1.9,0.7,0.3,0.2,0.5,1.0,3.8,0.1
Armoni Brooks,BKN,26.0,10,10.4,1.5,4.6,0.326,1.1,3.2,0.344,0.1,0.2,0.5,0.7,1.1,1.8,0.5,0.1,0.1,0.3,0.3,4.2,2.8
Ashton Hagans,POR,24.0,19,16.6,1.5,3.7,0.408,0.4,1.3,0.32,0.7,0.9,0.824,0.7,1.6,2.4,2.8,0.6,0.5,1.6,2.1,4.2,-0.2
Ausar Thompson,DET,21.0,63,25.1,3.7,7.6,0.483,0.3,1.8,0.186,1.1,1.9,0.597,2.0,4.3,6.4,1.9,1.1,0.9,1.3,2.8,8.8,-3.7
Austin Reaves,LAL,26.0,82,32.1,5.6,11.5,0.486,1.9,5.1,0.367,2.8,3.3,0.853,0.7,3.6,4.3,5.5,0.8,0.3,2.1,1.9,15.9,-0.5
Ayo Dosunmu,CHI,24.0,76,29.1,4.7,9.5,0.501,1.6,3.9,0.403,1.1,1.4,0.81,0.7,2.1,2.8,3.2,0.9,0.5,1.4,2.2,12.2,-2.1
Bam Adebayo,MIA,26.0,71,34.0,7.5,14.3,0.521,0.2,0.6,0.357,4.1,5.5,0.755,2.2,8.1,10.4,3.9,1.1,0.9,2.3,2.2,19.3,0.7
Ben Sheppard,IND,22.0,57,14.3,1.6,4.0,0.393,0.9,2.7,0.314,0.4,0.5,0.885,0.3,1.3,1.6,0.9,0.6,0.0,0.3,1.5,4.4,1.2
Ben Simmons,BKN,27.0,15,23.9,2.9,4.9,0.581,0.0,0.0,0.0,0.4,1.0,0.4,2.1,5.9,7.9,5.7,0.8,0.6,1.8,2.4,6.1,-2.5
Bennedict Mathurin,IND,22.0,59,26.1,5.0,11.2,0.446,1.4,3.6,0.374,3.1,3.8,0.821,1.0,2.9,4.0,2.0,0.6,0.2,1.6,2.0,14.5,-1.6
Bilal Coulibaly,WAS,19.0,63,27.2,3.0,6.9,0.435,1.0,2.9,0.346,1.5,2.1,0.702,0.9,3.2,4.1,1.7,0.9,0.8,1.4,2.2,8.4,-6.7
Bismack Biyombo,OKC,31.0,40,19.8,1.9,3.3,0.565,0.0,0.0,0.0,0.7,1.4,0.481,1.6,3.7,5.2,1.3,0.3,0.9,1.1,2.2,4.4,-1.6
Blake Wesley,SAS,21.0,61,14.4,1.7,3.5,0.474,0.2,0.9,0.218,0.9,1.3,0.667,0.3,1.2,1.5,2.7,0.5,0.1,0.9,1.5,4.4,-2.4
Boban Marjanovic,HOU,35.0,14,5.1,1.3,2.4,0.529,0.0,0.1,0.0,0.6,1.0,0.643,0.5,1.8,2.3,0.4,0.1,0.1,0.4,0.4,3.2,-1.4
Bobby Portis,MIL,29.0,82,24.5,5.7,11.2,0.508,1.2,3.0,0.407,1.2,1.5,0.79,1.7,5.7,7.4,1.3,0.8,0.4,1.1,2.3,13.8,-0.1
Bogdan Bogdanović,ATL,31.0,79,30.4,6.0,13.9,0.428,3.0,8.1,0.374,1.9,2.1,0.921,0.7,2.8,3.4,3.1,1.2,0.3,1.4,2.3,16.9,1.6
Bojan Bogdanovic,NYK,35.0,57,25.9,5.4,11.9,0.454,2.3,5.9,0.398,2.1,2.6,0.785,0.4,2.3,2.7,1.7,0.5,0.1,1.8,1.7,15.2,-6.1
Bol Bol,PHX,24.0,43,10.9,2.2,3.5,0.616,0.5,1.2,0.423,0.3,0.4,0.789,0.7,2.4,3.2,0.4,0.2,0.6,0.4,1.0,5.2,0.3
Bones Hyland,LAC,23.0,37,14.6,2.6,6.8,0.386,1.2,3.6,0.326,0.5,0.6,0.783,0.1,1.4,1.5,2.5,0.7,0.1,1.2,1.4,6.9,-1.8
Bradley Beal,PHX,31.0,53,33.3,7.1,13.9,0.513,1.9,4.4,0.43,2.1,2.5,0.813,1.0,3.4,4.4,5.0,1.0,0.5,2.5,2.4,18.2,2.0
Brandin Podziemski,GSW,21.0,74,26.6,3.7,8.1,0.454,1.2,3.2,0.385,0.7,1.1,0.633,1.6,4.2,5.8,3.7,0.8,0.2,1.2,1.6,9.2,3.6
Brandon Boston,LAC,22.0,32,10.8,2.0,5.0,0.404,0.4,1.6,0.269,0.7,1.0,0.697,0.6,1.0,1.6,0.4,0.3,0.3,0.8,1.3,5.2,-3.5
Brandon Clarke,MEM,27.0,6,22.4,5.5,9.8,0.559,0.2,1.0,0.167,0.2,1.2,0.143,2.2,3.2,5.3,1.5,0.8,1.0,0.5,1.3,11.3,-1.3
Brandon Ingram,NOP,26.0,64,32.9,7.8,15.9,0.492,1.3,3.8,0.355,3.8,4.8,0.801,0.7,4.4,5.1,5.7,0.8,0.6,2.5,2.3,20.8,2.7
Brandon Miller,CHA,21.0,74,32.2,6.4,14.6,0.44,2.5,6.7,0.373,1.9,2.3,0.827,0.8,3.4,4.3,2.4,0.9,0.6,1.8,2.5,17.3,-6.9
Brandon Williams,DAL,24.0,17,6.6,1.2,3.2,0.37,0.2,0.9,0.2,0.6,1.0,0.647,0.2,0.5,0.8,1.0,0.1,0.1,0.4,0.2,3.2,-3.4
Braxton Key,DEN,27.0,20,3.0,0.4,0.9,0.412,0.1,0.3,0.4,0.3,0.4,0.75,0.2,0.8,0.9,0.5,0.1,0.1,0.1,0.3,1.1,-0.6
Brice Sensabaugh,UTA,20.0,32,18.3,2.7,6.8,0.39,1.1,3.6,0.296,1.2,1.3,0.902,0.5,2.7,3.2,1.7,0.4,0.2,1.5,1.3,7.5,-5.4
Brook Lopez,MIL,36.0,79,30.5,4.6,9.6,0.485,1.9,5.1,0.366,1.4,1.7,0.821,1.5,3.7,5.2,1.6,0.5,2.4,1.0,2.4,12.5,3.5
Bruce Brown,TOR,27.0,67,27.8,4.1,8.7,0.478,0.8,2.4,0.323,1.7,2.1,0.824,0.8,3.4,4.2,2.9,0.9,0.3,1.3,2.2,10.8,-3.4
Bruno Fernando,ATL,25.0,45,15.2,2.4,4.2,0.583,0.0,0.1,0.0,1.4,2.1,0.667,1.3,3.0,4.3,1.0,0.6,0.6,1.0,2.4,6.3,-2.1
Bryce McGowens,CHA,21.0,59,14.9,1.7,3.9,0.439,0.6,1.7,0.333,1.1,1.4,0.776,0.3,1.4,1.7,0.9,0.4,0.2,0.5,1.3,5.1,-3.9
Buddy Boeheim,DET,24.0,10,8.4,0.9,2.9,0.31,0.8,2.5,0.32,0.8,1.0,0.8,0.3,0.7,1.0,0.3,0.0,0.1,0.0,0.5,3.4,2.1
Buddy Hield,PHI,31.0,84,25.7,4.4,10.1,0.436,2.6,6.8,0.386,0.6,0.7,0.881,0.7,2.5,3.2,2.8,0.8,0.5,1.2,2.0,12.1,0.8
CJ McCollum,NOP,32.0,66,32.7,7.3,16.0,0.459,3.6,8.4,0.429,1.7,2.1,0.827,0.6,3.7,4.3,4.6,0.9,0.6,1.7,1.9,20.0,3.0
Cade Cunningham,DET,22.0,62,33.5,8.5,18.8,0.449,1.9,5.4,0.355,3.8,4.4,0.869,0.5,3.8,4.3,7.5,0.9,0.4,3.4,2.5,22.7,-5.6
Caleb Houstan,ORL,21.0,59,13.8,1.4,3.5,0.388,1.2,3.3,0.373,0.4,0.4,0.808,0.5,0.9,1.4,0.5,0.3,0.1,0.3,1.0,4.3,-0.5
Caleb Martin,MIA,28.0,64,27.4,3.8,8.7,0.431,1.3,3.6,0.349,1.2,1.5,0.778,1.2,3.2,4.4,2.2,0.7,0.5,1.2,2.0,10.0,1.0
Cam Reddish,LAL,24.0,48,20.5,1.9,4.9,0.389,0.8,2.3,0.336,0.9,1.1,0.759,0.6,1.5,2.1,1.0,1.0,0.3,0.6,1.3,5.4,-1.0
Cam Thomas,BKN,22.0,66,31.4,8.0,18.0,0.442,2.2,6.0,0.364,4.3,5.1,0.856,0.4,2.8,3.2,2.9,0.7,0.2,1.9,2.1,22.5,-3.0
Cam Whitmore,HOU,19.0,47,18.7,4.5,9.9,0.454,1.7,4.7,0.359,1.6,2.4,0.679,0.9,2.9,3.8,0.7,0.6,0.4,1.0,1.4,12.3,-0.6
Cameron Johnson,BKN,28.0,58,27.6,4.8,10.7,0.446,2.4,6.1,0.391,1.5,1.9,0.789,0.9,3.4,4.3,2.4,0.8,0.3,1.0,1.8,13.4,-1.3
Cameron Payne,PHI,29.0,78,16.7,2.7,6.2,0.432,1.3,3.4,0.39,0.7,0.9,0.866,0.3,1.2,1.5,2.6,0.5,0.1,0.8,1.6,7.4,-0.1
Caris LeVert,CLE,29.0,68,28.8,5.1,12.1,0.421,1.6,4.9,0.325,2.3,3.0,0.766,0.6,3.5,4.1,5.1,1.1,0.5,1.7,1.8,14.0,1.8
Cason Wallace,OKC,20.0,82,20.6,2.6,5.4,0.491,1.2,2.9,0.419,0.4,0.5,0.784,0.6,1.6,2.3,1.5,0.9,0.5,0.5,1.6,6.8,1.5
Cedi Osman,SAS,29.0,72,17.6,2.6,5.3,0.479,1.2,3.1,0.389,0.5,0.7,0.673,0.3,2.2,2.5,1.7,0.5,0.2,0.7,1.5,6.8,-4.9
Charles Bassey,SAS,23.0,19,10.8,1.5,2.1,0.725,0.0,0.1,0.0,0.3,0.3,0.833,1.2,2.8,4.0,1.1,0.4,0.9,0.8,1.6,3.3,-2.4
Charlie Brown Jr.,NYK,27.0,8,4.7,0.3,1.3,0.2,0.3,0.9,0.286,0.0,0.0,0.0,0.1,0.1,0.3,0.0,0.0,0.3,0.3,0.6,0.8,-0.8
Chet Holmgren,OKC,22.0,82,29.4,6.2,11.6,0.53,1.6,4.3,0.37,2.7,3.4,0.793,1.6,6.3,7.9,2.4,0.6,2.3,1.6,2.4,16.5,5.2
Chimezie Metu,DET,27.0,51,16.8,2.4,4.8,0.504,0.5,1.8,0.298,1.1,1.3,0.906,0.8,3.0,3.8,0.9,0.8,0.3,1.0,1.4,6.5,-2.1
Chris Boucher,TOR,31.0,50,14.1,2.2,4.3,0.507,0.6,1.9,0.33,1.4,1.8,0.772,1.2,2.9,4.1,0.5,0.3,0.5,0.6,1.4,6.4,0.6
Chris Duarte,SAC,27.0,59,12.2,1.4,3.6,0.381,0.7,2.2,0.346,0.4,0.6,0.788,0.4,1.4,1.8,0.7,0.5,0.1,0.4,1.4,3.9,-1.1
Chris Livingston,MIL,20.0,21,4.3,0.5,1.0,0.5,0.0,0.2,0.2,0.1,0.2,0.75,0.1,0.9,1.0,0.2,0.1,0.0,0.2,0.7,1.2,-1.3
Chris Paul,GSW,39.0,58,26.4,3.6,8.1,0.441,1.3,3.6,0.371,0.7,0.9,0.827,0.3,3.6,3.9,6.8,1.2,0.1,1.3,1.9,9.2,1.9
Christian Braun,DEN,23.0,82,20.2,2.7,5.9,0.46,0.8,2.0,0.384,1.1,1.6,0.694,1.0,2.8,3.7,1.6,0.5,0.4,0.7,1.7,7.3,-0.2
Christian Wood,LAL,28.0,50,17.4,2.5,5.3,0.466,0.7,2.3,0.307,1.3,1.9,0.702,0.8,4.3,5.1,1.0,0.3,0.7,1.0,1.4,6.9,0.1
Chuma Okeke,ORL,25.0,47,9.2,0.9,2.4,0.357,0.5,1.7,0.28,0.1,0.1,0.571,0.4,1.3,1.7,0.4,0.2,0.1,0.3,0.4,2.3,-1.5
Clint Capela,ATL,30.0,73,25.8,4.8,8.5,0.571,0.0,0.0,0.0,1.8,2.8,0.631,4.6,6.0,10.6,1.2,0.6,1.5,1.0,2.2,11.5,-0.2
Coby White,CHI,24.0,79,36.5,6.8,15.3,0.447,2.6,7.0,0.376,2.8,3.3,0.838,0.6,4.0,4.5,5.1,0.7,0.2,2.1,2.4,19.1,-0.4
Cody Martin,CHA,28.0,28,26.9,2.9,7.7,0.381,1.0,3.1,0.314,0.7,1.2,0.606,0.7,3.2,3.9,3.7,1.1,0.6,1.6,1.7,7.5,-5.6
Cody Zeller,NOP,31.0,43,7.4,0.6,1.4,0.419,0.0,0.1,0.333,0.5,0.9,0.605,1.1,1.5,2.6,0.9,0.2,0.1,0.4,1.0,1.8,1.1
Colby Jones,SAC,22.0,30,6.4,0.9,2.4,0.394,0.1,0.7,0.091,0.2,0.4,0.545,0.6,0.8,1.3,0.7,0.2,0.2,0.3,1.0,2.1,0.3
Cole Anthony,ORL,24.0,81,22.4,4.1,9.4,0.435,1.1,3.4,0.338,2.2,2.7,0.826,0.8,3.0,3.8,2.9,0.8,0.5,1.6,2.2,11.6,1.4
Cole Swider,MIA,25.0,18,4.8,0.8,2.1,0.395,0.6,1.7,0.333,0.1,0.1,1.0,0.1,0.3,0.4,0.3,0.1,0.1,0.4,0.2,2.3,-1.1
Colin Castleton,LAL,24.0,16,3.7,0.6,1.0,0.563,0.0,0.0,0.0,0.4,0.4,1.0,0.4,0.4,0.8,0.2,0.1,0.0,0.2,0.7,1.5,-2.8
Collin Gillespie,DEN,25.0,24,9.4,1.3,2.9,0.464,0.6,1.6,0.395,0.3,0.5,0.667,0.0,0.8,0.9,1.1,0.5,0.0,0.6,1.0,3.6,0.6
Collin Sexton,UTA,25.0,78,26.6,6.5,13.3,0.487,1.6,4.2,0.394,4.1,4.7,0.859,0.9,1.7,2.6,4.9,0.8,0.2,2.1,2.0,18.7,-1.8
Corey Kispert,WAS,25.0,80,25.8,4.8,9.9,0.486,2.3,6.0,0.383,1.4,2.0,0.726,0.4,2.4,2.8,2.0,0.5,0.2,1.2,1.8,13.4,-5.6
Cory Joseph,GSW,32.0,26,11.4,0.9,2.5,0.359,0.5,1.6,0.31,0.2,0.3,0.571,0.2,0.9,1.2,1.6,0.2,0.1,0.5,1.0,2.4,-0.5
Craig Porter Jr.,CLE,24.0,51,12.7,2.3,4.5,0.509,0.2,0.7,0.353,0.8,1.1,0.732,0.4,1.7,2.1,2.3,0.4,0.3,0.9,0.8,5.6,-0.5
D'Angelo Russell,LAL,28.0,76,32.7,6.5,14.2,0.456,3.0,7.2,0.415,2.1,2.5,0.828,0.4,2.7,3.1,6.3,0.9,0.5,2.1,2.1,18.0,2.4
D'Moi Hodge,LAL,25.0,7,5.9,0.7,2.1,0.333,0.4,1.7,0.25,0.1,0.3,0.5,0.0,0.0,0.0,0.7,0.1,0.1,0.1,0.6,2.0,-5.0
D.J. Carton,TOR,23.0,4,8.9,0.8,2.0,0.375,0.3,1.0,0.25,1.0,1.3,0.8,0.5,0.5,1.0,0.8,0.3,0.0,0.3,0.8,2.8,-7.8
D.J. Wilson,PHI,28.0,2,7.7,2.0,3.0,0.667,1.0,1.0,1.0,0.0,0.0,0.0,0.5,0.5,1.0,1.0,0.0,1.0,0.0,0.5,5.0,1.0
DaQuan Jeffries,NYK,26.0,17,2.7,0.4,1.0,0.353,0.1,0.6,0.2,0.0,0.1,0.0,0.0,0.3,0.3,0.3,0.0,0.1,0.2,0.1,0.8,-0.6
Daishen Nix,MIN,22.0,15,3.3,0.6,1.6,0.375,0.4,1.1,0.353,0.2,0.4,0.5,0.1,0.1,0.2,0.4,0.3,0.0,0.3,0.1,1.8,1.9
Dalano Banton,POR,24.0,54,19.4,3.7,9.3,0.404,1.1,3.7,0.296,1.7,2.2,0.783,0.8,2.5,3.3,2.4,0.6,0.4,1.4,1.2,10.3,-4.1
Dalen Terry,CHI,21.0,59,11.5,1.2,2.7,0.439,0.3,1.3,0.23,0.4,0.7,0.581,0.5,1.4,1.9,1.4,0.5,0.3,0.5,1.4,3.1,0.6
Damian Jones,CLE,29.0,39,6.9,1.1,1.8,0.597,0.1,0.4,0.214,0.5,0.5,0.857,0.5,1.1,1.6,0.4,0.2,0.3,0.3,0.7,2.7,-2.3
Damian Lillard,MIL,33.0,73,35.3,7.4,17.5,0.424,3.0,8.5,0.354,6.5,7.0,0.92,0.5,3.9,4.4,7.0,1.0,0.2,2.6,1.8,24.3,5.3
Daniel Gafford,DAL,25.0,74,24.5,4.7,6.5,0.725,0.0,0.0,0.0,1.6,2.4,0.674,2.6,5.0,7.6,1.6,0.9,2.1,1.0,3.1,11.0,-1.4
Daniel Theis,LAC,32.0,60,16.9,2.6,4.9,0.532,0.4,1.2,0.366,0.6,0.8,0.76,1.4,2.7,4.1,1.0,0.4,0.9,0.7,2.1,6.3,1.0
Danilo Gallinari,MIL,35.0,49,12.8,1.7,3.9,0.437,0.6,1.9,0.323,1.7,2.0,0.857,0.4,1.8,2.2,1.1,0.3,0.1,0.5,1.0,5.7,-2.0
Danny Green,PHI,37.0,2,9.2,0.0,1.0,0.0,0.0,0.5,0.0,0.0,0.0,0.0,0.0,1.0,1.0,0.5,0.5,0.0,0.0,0.5,0.0,0.0
Danté Exum,DAL,28.0,55,19.8,2.9,5.5,0.533,1.0,2.0,0.491,1.0,1.2,0.779,0.5,2.3,2.7,2.9,0.4,0.1,0.9,1.5,7.8,4.3
Danuel House Jr.,PHI,31.0,34,15.0,1.4,3.1,0.448,0.4,1.5,0.3,1.0,1.4,0.761,0.5,1.2,1.7,0.8,0.4,0.1,0.6,1.3,4.2,0.6
Dario Šarić,GSW,30.0,64,17.2,2.8,6.1,0.466,1.2,3.1,0.376,1.2,1.5,0.849,1.1,3.3,4.4,2.3,0.5,0.2,1.2,1.8,8.0,-0.3
Dariq Whitehead,BKN,19.0,2,12.0,0.5,2.5,0.2,0.0,1.5,0.0,0.5,1.0,0.5,0.0,2.0,2.0,1.5,0.0,0.5,0.0,0.0,1.5,-11.0
Darius Bazley,UTA,24.0,9,16.9,2.0,3.3,0.6,0.2,0.9,0.25,1.1,1.3,0.833,0.9,2.2,3.1,0.8,0.7,0.8,0.9,0.3,5.3,-3.7
Darius Garland,CLE,24.0,57,33.3,6.6,14.8,0.446,2.3,6.2,0.371,2.6,3.1,0.834,0.5,2.1,2.7,6.5,1.3,0.1,3.1,1.7,18.0,2.0
David Duke Jr.,SAS,24.0,4,12.8,2.5,4.5,0.556,0.8,1.5,0.5,0.8,0.8,1.0,0.5,2.0,2.5,1.3,0.5,0.0,0.8,1.0,6.5,1.5
David Roddy,PHX,23.0,65,18.1,2.5,6.3,0.403,0.7,2.5,0.293,0.7,1.0,0.691,0.8,2.4,3.2,1.2,0.4,0.2,0.9,1.1,6.5,-3.5
Davion Mitchell,SAC,25.0,72,15.3,2.0,4.5,0.452,0.8,2.2,0.361,0.4,0.6,0.714,0.3,1.1,1.3,1.9,0.2,0.0,0.6,1.2,5.3,-0.6
Davis Bertans,CHA,31.0,43,15.7,2.1,5.4,0.393,1.8,4.7,0.38,0.7,0.8,0.909,0.2,1.2,1.4,0.8,0.6,0.3,0.4,1.3,6.7,-1.7
Day'Ron Sharpe,BKN,22.0,61,15.1,2.8,4.8,0.571,0.1,0.2,0.267,1.2,2.0,0.61,2.6,3.7,6.4,1.4,0.4,0.7,1.1,2.1,6.8,1.0
De'Aaron Fox,SAC,26.0,74,35.9,9.7,20.9,0.465,2.9,7.8,0.369,4.2,5.7,0.738,0.9,3.7,4.6,5.6,2.0,0.4,2.6,2.6,26.6,3.1
De'Andre Hunter,ATL,26.0,57,29.5,5.3,11.6,0.459,2.1,5.3,0.385,2.9,3.4,0.847,0.5,3.4,3.9,1.5,0.7,0.3,1.5,2.6,15.6,-0.9
De'Anthony Melton,PHI,26.0,38,26.9,3.7,9.5,0.386,2.0,5.6,0.36,1.7,2.1,0.835,0.7,3.0,3.7,3.0,1.6,0.4,1.0,2.2,11.1,5.7
DeAndre Jordan,DEN,35.0,36,11.0,1.6,2.6,0.624,0.0,0.0,0.0,0.7,1.5,0.491,1.5,2.9,4.4,0.7,0.2,0.4,0.6,1.6,3.9,-2.4
DeJon Jarreau,MEM,26.0,9,16.6,1.9,5.6,0.34,0.4,1.4,0.308,0.6,1.2,0.455,0.9,4.0,4.9,2.9,0.7,0.2,1.0,1.6,4.8,-2.7
DeMar DeRozan,CHI,34.0,79,37.8,8.2,17.2,0.48,0.9,2.8,0.333,6.6,7.7,0.853,0.5,3.8,4.3,5.3,1.1,0.6,1.7,2.0,24.0,-0.8
Dean Wade,CLE,27.0,54,20.5,1.8,4.3,0.414,1.5,3.7,0.391,0.4,0.5,0.769,0.7,3.4,4.0,0.8,0.7,0.5,0.4,1.7,5.4,3.3
Deandre Ayton,POR,25.0,55,32.4,7.8,13.6,0.57,0.0,0.2,0.1,1.2,1.4,0.823,3.2,7.9,11.1,1.6,1.0,0.8,1.8,2.0,16.7,-5.8
Dejounte Murray,ATL,27.0,78,35.7,8.6,18.8,0.459,2.6,7.1,0.363,2.7,3.4,0.794,0.8,4.5,5.3,6.4,1.4,0.3,2.6,1.8,22.5,-2.0
Delon Wright,MIA,32.0,47,15.8,1.6,4.0,0.394,0.5,1.4,0.368,0.8,1.0,0.822,0.4,1.4,1.8,2.5,1.1,0.2,0.3,0.7,4.5,0.3
Deni Avdija,WAS,23.0,75,30.1,5.4,10.7,0.506,1.2,3.1,0.374,2.7,3.6,0.74,1.1,6.1,7.2,3.8,0.8,0.5,2.1,2.5,14.7,-4.4
Dennis Schröder,BKN,30.0,80,31.1,5.0,11.6,0.435,1.7,4.6,0.375,2.2,2.7,0.836,0.5,2.5,3.0,6.1,0.8,0.2,1.9,2.1,14.0,-1.6
Dennis Smith Jr.,BKN,26.0,56,18.9,2.6,6.0,0.435,0.6,1.9,0.294,0.8,1.0,0.741,0.9,2.0,2.9,3.6,1.2,0.2,1.2,2.2,6.6,-0.6
Dereck Lively II,DAL,20.0,55,23.5,4.0,5.4,0.747,0.0,0.0,0.0,0.7,1.5,0.506,2.5,4.4,6.9,1.1,0.7,1.4,0.9,2.6,8.8,2.6
Dereon Seabron,NOP,24.0,6,9.2,0.7,2.2,0.308,0.2,0.3,0.5,0.8,1.0,0.833,0.2,1.0,1.2,0.8,0.3,0.2,0.0,0.7,2.3,4.7
Derrick Jones Jr.,DAL,27.0,76,23.5,3.1,6.5,0.483,1.1,3.1,0.343,1.3,1.8,0.713,1.1,2.2,3.3,1.0,0.7,0.7,0.9,1.6,8.6,0.7
Derrick Rose,MEM,35.0,24,16.6,3.2,6.9,0.461,0.6,1.7,0.366,1.0,1.1,0.889,0.3,1.6,1.9,3.3,0.3,0.1,1.3,0.9,8.0,-1.4
Derrick White,BOS,29.0,73,32.6,5.3,11.5,0.461,2.7,6.8,0.396,1.9,2.1,0.901,0.7,3.5,4.2,5.2,1.0,1.2,1.5,2.1,15.2,8.5
Desmond Bane,MEM,26.0,42,34.4,8.6,18.5,0.464,3.3,8.6,0.381,3.3,3.8,0.87,0.9,3.5,4.4,5.5,1.0,0.5,2.7,2.9,23.7,-4.8
Devin Booker,PHX,27.0,68,36.0,9.4,19.2,0.492,2.2,6.1,0.364,6.0,6.7,0.886,0.8,3.7,4.5,6.9,0.9,0.4,2.6,3.0,27.1,4.6
Devin Vassell,SAS,23.0,68,33.1,7.3,15.5,0.472,2.4,6.6,0.372,2.4,3.0,0.801,0.4,3.4,3.8,4.1,1.1,0.3,1.6,1.1,19.5,-4.3
Devonte' Graham,SAS,29.0,23,13.6,1.7,4.7,0.352,1.1,3.6,0.301,0.6,0.7,0.813,0.2,1.3,1.6,2.1,0.4,0.1,0.7,0.6,5.0,1.0
Dexter Dennis,DAL,25.0,4,7.5,2.5,4.8,0.526,0.3,2.0,0.125,0.3,0.8,0.333,0.3,2.0,2.3,1.0,0.0,0.3,0.8,0.3,5.5,-2.3
Dillon Brooks,HOU,28.0,72,30.9,4.6,10.7,0.428,1.8,5.1,0.359,1.7,2.0,0.844,0.7,2.7,3.4,1.7,0.9,0.1,1.2,3.3,12.7,-0.3
Dmytro Skapintsev,NYK,26.0,2,1.1,0.0,0.5,0.0,0.0,0.0,0.0,0.0,0.0,0.0,0.0,0.0,0.0,0.0,0.0,0.0,0.0,0.0,0.0,0.0
Domantas Sabonis,SAC,28.0,82,35.7,7.7,13.0,0.594,0.4,1.1,0.379,3.6,5.1,0.704,3.6,10.1,13.7,8.2,0.9,0.6,3.3,3.0,19.4,0.8
Dominick Barlow,SAS,21.0,33,12.7,1.7,3.4,0.496,0.1,0.3,0.333,0.9,1.3,0.69,1.4,2.1,3.4,1.1,0.4,0.4,0.3,1.4,4.4,-1.0
Donovan Mitchell,CLE,27.0,55,35.3,9.1,19.8,0.462,3.3,9.0,0.368,5.0,5.8,0.865,0.8,4.3,5.1,6.1,1.8,0.5,2.8,2.1,26.6,5.9
Donte DiVincenzo,NYK,27.0,81,29.1,5.5,12.4,0.443,3.5,8.7,0.401,1.1,1.4,0.754,0.8,2.9,3.7,2.7,1.3,0.4,1.4,2.0,15.5,2.0
Dorian Finney-Smith,BKN,31.0,68,28.4,3.2,7.5,0.421,1.7,4.9,0.348,0.5,0.7,0.717,1.6,3.1,4.7,1.6,0.8,0.6,0.9,2.2,8.5,-1.6
Doug McDermott,IND,32.0,64,14.1,1.9,4.4,0.433,1.5,3.6,0.41,0.2,0.3,0.579,0.2,0.8,0.9,1.1,0.3,0.0,0.4,1.0,5.5,-2.2
Draymond Green,GSW,34.0,55,27.1,3.4,6.8,0.497,0.9,2.3,0.395,1.0,1.3,0.73,1.4,5.9,7.2,6.0,1.0,0.9,2.5,3.0,8.6,3.1
Drew Eubanks,PHX,27.0,75,15.6,2.0,3.4,0.601,0.0,0.0,1.0,1.0,1.2,0.774,1.4,2.9,4.3,0.8,0.4,0.8,0.8,1.5,5.1,-1.4
Drew Peterson,BOS,24.0,3,7.6,1.3,2.0,0.667,1.0,1.7,0.6,0.0,0.0,0.0,0.0,0.3,0.3,0.3,0.7,0.0,0.3,0.3,3.7,2.7
Dru Smith,MIA,26.0,9,14.5,1.7,3.7,0.455,0.8,1.9,0.412,0.2,0.2,1.0,0.7,0.9,1.6,1.6,1.0,0.3,0.6,1.3,4.3,-4.8
Duncan Robinson,MIA,30.0,68,28.0,4.5,9.9,0.45,2.8,7.0,0.395,1.2,1.3,0.889,0.2,2.3,2.5,2.8,0.7,0.2,1.4,2.4,12.9,0.6
Duop Reath,POR,28.0,68,17.9,3.4,7.3,0.461,1.3,3.6,0.359,1.0,1.4,0.742,1.4,2.3,3.7,1.0,0.5,0.6,0.8,2.4,9.1,-2.8
Dwight Powell,DAL,32.0,63,13.3,1.1,1.7,0.679,0.0,0.0,0.333,1.0,1.4,0.708,1.5,1.9,3.4,1.3,0.4,0.3,0.5,1.8,3.3,0.0
Dylan Windler,ATL,27.0,17,6.4,0.9,1.8,0.5,0.8,1.6,0.481,0.0,0.0,0.0,0.2,0.8,0.9,0.6,0.1,0.0,0.1,0.4,2.5,-0.9
Dyson Daniels,NOP,21.0,61,22.3,2.3,5.1,0.447,0.7,2.2,0.311,0.6,0.9,0.642,1.0,2.9,3.9,2.7,1.4,0.4,1.0,1.7,5.8,1.2
E.J. Liddell,NOP,23.0,8,2.9,0.1,0.8,0.167,0.0,0.6,0.0,0.3,0.3,1.0,0.0,0.6,0.6,0.1,0.3,0.3,0.3,0.3,0.5,-0.5
Emoni Bates,CLE,20.0,15,8.9,1.0,3.3,0.306,0.7,2.2,0.303,0.1,0.3,0.25,0.1,0.9,0.9,0.7,0.1,0.1,0.5,0.3,2.7,-5.6
Eric Gordon,PHX,35.0,68,27.8,4.0,9.1,0.443,2.2,5.8,0.378,0.8,0.9,0.797,0.2,1.6,1.8,2.0,1.0,0.4,1.1,1.2,11.0,1.9
Eugene Omoruyi,WAS,27.0,43,9.1,1.9,3.9,0.485,0.3,1.1,0.283,0.7,1.1,0.653,0.8,1.2,2.0,0.8,0.6,0.1,0.5,1.4,4.8,-3.2
Evan Fournier,DET,31.0,32,18.1,2.5,6.9,0.357,1.0,4.1,0.254,0.9,1.1,0.806,0.2,1.7,1.8,1.5,0.9,0.2,0.7,1.5,6.9,-4.4
Evan Mobley,CLE,23.0,50,30.6,6.4,11.0,0.58,0.4,1.2,0.373,2.5,3.4,0.719,2.2,7.1,9.4,3.2,0.9,1.4,1.8,2.7,15.7,0.7
Filip Petrusev,SAC,24.0,3,3.1,0.3,0.7,0.5,0.0,0.0,0.0,0.3,0.7,0.5,0.0,0.3,0.3,0.0,0.0,0.0,0.0,0.3,1.0,2.0
Frank Ntilikina,CHA,25.0,5,8.6,0.2,1.8,0.111,0.2,1.6,0.125,0.4,0.4,1.0,0.2,1.0,1.2,0.8,0.0,0.0,0.2,0.8,1.0,-0.2
Franz Wagner,ORL,22.0,72,32.5,7.3,15.2,0.482,1.3,4.6,0.281,3.8,4.4,0.85,1.0,4.3,5.3,3.7,1.1,0.4,1.9,2.3,19.7,2.8
Fred VanVleet,HOU,30.0,73,36.8,5.8,13.9,0.416,3.1,8.0,0.387,2.7,3.1,0.86,0.5,3.4,3.8,8.1,1.4,0.8,1.7,2.5,17.4,2.5
Furkan Korkmaz,PHI,26.0,35,8.6,0.9,2.2,0.395,0.4,1.1,0.35,0.4,0.6,0.7,0.1,0.7,0.9,0.7,0.4,0.1,0.3,0.5,2.5,1.3
GG Jackson,MEM,19.0,48,25.7,5.0,11.7,0.428,2.1,6.0,0.357,2.4,3.2,0.752,1.1,3.0,4.1,1.2,0.6,0.5,1.4,1.3,14.6,-4.0
Gabe Vincent,LAL,28.0,11,19.8,1.4,4.5,0.306,0.3,2.5,0.107,0.1,0.2,0.5,0.4,0.5,0.8,1.9,0.8,0.0,0.5,1.7,3.1,2.8
Garrett Temple,TOR,38.0,27,10.7,1.1,2.9,0.372,0.4,1.5,0.3,0.7,0.8,0.818,0.7,1.0,1.7,1.0,0.4,0.1,0.5,1.0,3.3,-2.9
Garrison Mathews,ATL,27.0,66,15.0,1.6,3.4,0.456,1.3,2.9,0.44,0.5,0.6,0.81,0.3,1.1,1.4,0.6,0.3,0.1,0.3,1.7,4.9,-1.5
Gary Harris,ORL,29.0,54,24.0,2.4,5.5,0.441,1.4,3.8,0.371,0.6,0.8,0.756,0.4,1.2,1.7,1.6,0.9,0.3,0.6,1.7,6.9,1.7
Gary Payton II,GSW,31.0,44,15.5,2.3,4.2,0.563,0.5,1.3,0.364,0.3,0.5,0.609,1.0,1.5,2.6,1.1,0.9,0.4,0.6,1.8,5.5,1.9
Gary Trent Jr.,TOR,25.0,71,28.1,5.1,11.9,0.426,2.5,6.4,0.393,1.0,1.4,0.771,0.4,2.3,2.6,1.7,1.1,0.1,0.7,1.4,13.7,-2.7
Georges Niang,CLE,31.0,82,22.3,3.5,7.7,0.449,1.8,4.8,0.376,0.6,0.7,0.85,0.3,3.1,3.4,1.2,0.4,0.2,0.9,2.3,9.4,0.4
Giannis Antetokounmpo,MIL,29.0,73,35.2,11.5,18.8,0.611,0.5,1.7,0.274,7.0,10.7,0.657,2.7,8.8,11.5,6.5,1.2,1.1,3.4,2.9,30.4,4.6
Goga Bitadze,ORL,24.0,62,15.4,2.0,3.4,0.603,0.0,0.2,0.143,0.9,1.4,0.655,1.8,2.9,4.6,1.3,0.5,1.2,0.7,1.7,5.0,0.4
Gordon Hayward,OKC,34.0,51,24.4,3.7,7.9,0.464,0.7,1.8,0.411,1.7,2.4,0.742,0.7,2.8,3.5,3.1,0.8,0.3,1.3,1.3,9.8,-2.6
Gradey Dick,TOR,20.0,60,21.1,3.2,7.4,0.425,1.5,4.0,0.365,0.7,0.9,0.863,0.5,1.8,2.2,1.1,0.6,0.0,0.8,1.5,8.5,-6.3
Grant Williams,CHA,25.0,76,28.0,3.6,8.0,0.456,1.7,4.4,0.375,1.4,1.8,0.757,1.1,3.1,4.2,2.3,0.6,0.5,1.4,3.0,10.3,-3.2
Grayson Allen,PHX,28.0,75,33.5,4.5,9.1,0.499,2.7,5.9,0.461,1.7,2.0,0.878,0.6,3.3,3.9,3.0,0.9,0.6,1.3,2.1,13.5,3.5
Greg Brown III,DAL,22.0,6,6.6,0.8,1.8,0.455,0.2,0.5,0.333,0.7,1.5,0.444,0.5,1.0,1.5,0.7,0.0,0.7,0.7,0.8,2.5,-1.5
Gui Santos,GSW,22.0,23,8.4,1.2,2.4,0.509,0.4,1.2,0.37,0.7,0.7,0.941,0.7,1.4,2.1,0.6,0.2,0.1,0.3,1.0,3.6,0.7
Hamidou Diallo,WAS,25.0,2,2.4,0.5,1.0,0.5,0.0,0.0,0.0,0.0,0.0,0.0,1.0,0.0,1.0,0.5,1.0,0.0,0.5,0.5,1.0,2.0
Harrison Barnes,SAC,32.0,82,29.0,4.2,8.9,0.474,1.8,4.7,0.387,1.9,2.4,0.801,0.8,2.2,3.0,1.2,0.7,0.1,0.7,1.2,12.2,-1.0
Harry Giles III,LAL,26.0,23,4.3,1.0,2.2,0.46,0.1,0.6,0.214,0.3,0.6,0.538,0.5,0.8,1.3,0.3,0.1,0.1,0.3,0.7,2.4,-1.8
Haywood Highsmith,MIA,27.0,66,20.7,2.3,5.0,0.465,1.2,2.9,0.396,0.3,0.5,0.639,1.0,2.2,3.2,1.1,0.8,0.5,0.5,1.8,6.1,0.1
Henri Drell,CHI,24.0,4,7.5,1.0,2.5,0.4,0.5,1.5,0.333,0.3,0.5,0.5,0.3,0.8,1.0,1.0,0.5,0.3,0.5,1.5,2.8,1.5
Herbert Jones,NOP,25.0,76,30.5,3.9,7.7,0.498,1.5,3.6,0.418,1.8,2.1,0.867,1.0,2.6,3.6,2.6,1.4,0.8,1.2,2.9,11.0,3.0
Hunter Tyson,DEN,24.0,18,2.7,0.4,1.1,0.4,0.2,0.8,0.286,0.0,0.0,0.0,0.1,0.4,0.5,0.1,0.1,0.0,0.1,0.6,1.1,0.4
Ibou Badji,POR,21.0,22,10.3,0.6,1.0,0.636,0.0,0.0,0.0,0.3,0.5,0.5,0.9,1.4,2.3,0.6,0.1,0.9,0.7,2.1,1.5,-4.1
Immanuel Quickley,TOR,25.0,68,29.2,5.7,13.1,0.434,2.5,6.4,0.395,3.1,3.6,0.853,0.3,3.6,3.8,4.9,0.7,0.1,1.5,1.8,17.0,-0.5
Isaac Okoro,CLE,23.0,69,27.3,3.4,7.0,0.49,1.2,3.1,0.391,1.3,2.0,0.679,1.0,2.0,3.0,1.9,0.8,0.5,0.8,2.0,9.4,0.6
Isaiah Hartenstein,NYK,26.0,75,25.3,3.1,4.9,0.644,0.0,0.0,0.333,1.5,2.1,0.707,3.3,5.1,8.3,2.5,1.2,1.1,1.2,2.8,7.8,5.4
Isaiah Jackson,IND,22.0,60,12.8,2.6,3.9,0.665,0.0,0.1,0.0,1.2,1.7,0.716,1.6,2.4,4.0,0.8,0.6,1.0,0.7,2.3,6.4,0.5
Isaiah Joe,OKC,24.0,78,18.5,2.8,6.2,0.458,1.9,4.5,0.416,0.6,0.7,0.865,0.4,1.9,2.3,1.3,0.6,0.3,0.6,1.1,8.2,4.5
Isaiah Livers,DET,25.0,23,20.4,1.7,5.0,0.345,1.0,3.3,0.286,0.5,0.8,0.667,0.7,1.4,2.1,1.1,0.6,0.2,0.7,1.9,5.0,-8.7
Isaiah Mobley,CLE,24.0,10,7.2,1.0,2.4,0.417,0.3,1.0,0.3,0.0,0.1,0.0,0.3,0.7,1.0,0.6,0.2,0.0,0.2,0.6,2.3,-3.0
Isaiah Stewart,DET,23.0,46,30.9,4.0,8.3,0.487,1.5,3.8,0.383,1.4,1.8,0.753,1.6,5.0,6.6,1.6,0.4,0.8,1.4,2.2,10.9,-2.9
Isaiah Thomas,PHX,35.0,6,3.2,0.5,1.7,0.3,0.3,0.7,0.5,0.0,0.0,0.0,0.0,0.0,0.0,0.5,0.0,0.0,0.0,0.0,1.3,-2.3
Isaiah Wong,IND,23.0,1,4.3,1.0,3.0,0.333,0.0,1.0,0.0,0.0,0.0,0.0,0.0,0.0,0.0,0.0,0.0,0.0,0.0,0.0,2.0,-5.0
Ish Smith,CHA,35.0,43,17.2,1.5,3.7,0.418,0.1,0.2,0.5,0.1,0.1,0.75,0.3,1.5,1.8,3.4,0.4,0.1,1.1,1.1,3.2,-6.5
Ish Wainright,PHX,29.0,11,5.7,0.6,2.2,0.292,0.6,1.8,0.35,0.2,0.2,1.0,0.3,1.0,1.3,0.1,0.4,0.1,0.2,0.7,2.1,-0.4
Ivica Zubac,LAC,27.0,68,26.4,5.0,7.6,0.649,0.0,0.0,0.0,1.8,2.4,0.723,2.9,6.3,9.2,1.4,0.3,1.2,1.2,2.6,11.7,2.7
Izaiah Brockington,NOP,24.0,1,3.4,2.0,5.0,0.4,0.0,1.0,0.0,0.0,0.0,0.0,1.0,1.0,2.0,0.0,0.0,0.0,0.0,0.0,4.0,3.0
JD Davison,BOS,21.0,8,4.9,0.6,1.5,0.417,0.4,0.9,0.429,0.4,0.5,0.75,0.3,1.0,1.3,1.3,0.1,0.1,0.3,0.5,2.0,2.9
JT Thor,CHA,21.0,63,12.4,1.3,2.9,0.437,0.4,1.3,0.346,0.2,0.3,0.55,0.7,1.6,2.3,0.5,0.2,0.4,0.2,1.0,3.2,-0.8
Ja Morant,MEM,24.0,9,35.3,8.9,18.9,0.471,1.6,5.7,0.275,5.8,7.1,0.813,0.7,4.9,5.6,8.1,0.8,0.6,3.0,2.1,25.1,1.2
JaVale McGee,SAC,36.0,46,7.4,1.7,2.9,0.598,0.0,0.2,0.143,0.6,1.0,0.578,0.9,1.8,2.7,0.4,0.3,0.4,0.7,1.0,4.0,0.2
Jabari Smith Jr.,HOU,21.0,76,31.9,5.0,11.0,0.454,1.8,5.0,0.363,2.0,2.4,0.811,1.8,6.3,8.1,1.6,0.7,0.8,1.2,2.6,13.7,-1.1
Jabari Walker,POR,21.0,72,23.6,3.3,7.1,0.46,0.6,1.9,0.295,1.8,2.4,0.754,2.1,5.0,7.1,1.0,0.6,0.3,0.9,2.4,8.9,-4.7
Jack White,MEM,26.0,4,15.9,0.5,4.0,0.125,0.5,2.5,0.2,0.0,0.0,0.0,1.0,2.0,3.0,0.3,1.0,0.3,0.5,0.8,1.5,-7.0
Jacob Gilyard,BKN,25.0,41,17.0,1.5,3.7,0.4,1.2,3.1,0.405,0.0,0.0,1.0,0.2,0.9,1.1,3.3,0.8,0.1,0.7,1.0,4.2,-4.2
Jacob Toppin,NYK,24.0,9,4.2,0.6,1.0,0.556,0.1,0.4,0.25,0.2,0.2,1.0,0.3,0.4,0.8,0.3,0.0,0.1,0.1,0.3,1.4,-1.8
Jaden Hardy,DAL,21.0,73,13.6,2.7,6.6,0.407,1.1,3.1,0.362,0.8,1.0,0.776,0.3,1.5,1.8,1.5,0.3,0.1,0.8,1.1,7.3,-1.7
Jaden Ivey,DET,22.0,77,28.8,5.4,12.6,0.429,1.6,4.8,0.336,2.9,3.9,0.749,1.1,2.3,3.4,3.8,0.7,0.5,2.5,2.6,15.4,-4.5
Jaden McDaniels,MIN,23.0,72,29.2,4.3,8.7,0.489,1.2,3.5,0.337,0.8,1.1,0.722,0.8,2.3,3.1,1.4,0.9,0.6,1.2,3.0,10.5,2.2
Jaden Springer,BOS,21.0,49,10.3,1.2,3.0,0.399,0.2,1.0,0.208,0.7,0.9,0.833,0.7,0.9,1.6,0.9,0.7,0.3,0.7,1.3,3.3,-0.6
Jae Crowder,MIL,33.0,50,23.1,2.3,5.4,0.422,1.2,3.3,0.349,0.5,0.7,0.722,0.6,2.6,3.2,1.3,0.8,0.2,0.5,1.5,6.2,-1.4
Jae'Sean Tate,HOU,28.0,65,15.9,1.7,3.5,0.472,0.4,1.2,0.299,0.4,0.6,0.667,0.9,2.1,3.0,1.0,0.6,0.2,0.6,2.1,4.1,1.2
Jahmi'us Ramsey,TOR,23.0,7,17.3,2.6,5.9,0.439,0.9,3.1,0.273,0.7,0.9,0.833,0.6,2.6,3.1,1.1,1.0,0.0,1.0,1.4,6.7,-4.0
Jaime Jaquez Jr.,MIA,23.0,75,28.2,4.5,9.3,0.489,0.9,2.7,0.322,1.9,2.3,0.811,1.1,2.7,3.8,2.6,1.0,0.3,1.5,2.2,11.9,1.4
Jake LaRavia,MEM,22.0,35,23.0,3.4,8.7,0.389,1.5,4.5,0.34,2.6,3.1,0.826,1.5,2.2,3.7,1.7,0.8,0.3,1.3,2.0,10.8,-3.3
Jakob Poeltl,TOR,28.0,50,26.4,5.0,7.6,0.656,0.0,0.0,0.0,1.2,2.1,0.551,2.9,5.7,8.6,2.5,0.7,1.5,1.5,3.0,11.1,-0.3
Jalen Brunson,NYK,27.0,77,35.4,10.3,21.4,0.479,2.7,6.8,0.401,5.5,6.5,0.847,0.6,3.1,3.6,6.7,0.9,0.2,2.4,1.9,28.7,6.6
Jalen Crutcher,NOP,24.0,1,2.7,0.0,1.0,0.0,0.0,0.0,0.0,0.0,0.0,0.0,0.0,0.0,0.0,0.0,0.0,0.0,0.0,0.0,0.0,1.0
Jalen Duren,DET,20.0,61,29.1,5.7,9.2,0.619,0.0,0.1,0.0,2.3,3.0,0.79,3.1,8.5,11.6,2.4,0.5,0.8,2.1,3.1,13.8,-5.1
Jalen Green,HOU,22.0,82,31.7,6.9,16.2,0.423,2.5,7.4,0.332,3.5,4.3,0.804,0.5,4.7,5.2,3.5,0.8,0.3,2.3,1.4,19.6,0.4
Jalen Hood-Schifino,LAL,21.0,21,5.2,0.5,2.1,0.222,0.1,0.7,0.133,0.6,1.0,0.6,0.1,0.5,0.6,0.4,0.1,0.1,0.4,0.6,1.6,-2.6
Jalen Johnson,ATL,22.0,56,33.7,6.4,12.5,0.511,1.3,3.6,0.355,1.9,2.6,0.728,1.3,7.4,8.7,3.6,1.2,0.8,1.8,2.4,16.0,-1.4
Jalen McDaniels,TOR,26.0,50,10.8,1.3,3.8,0.344,0.2,1.4,0.169,0.5,0.7,0.73,0.4,1.2,1.6,0.7,0.4,0.1,0.6,1.0,3.4,-3.2
Jalen Pickett,DEN,24.0,27,4.5,0.6,1.3,0.429,0.3,0.9,0.36,0.1,0.1,0.75,0.0,0.5,0.5,0.8,0.1,0.0,0.3,0.5,1.6,0.0
Jalen Slawson,SAC,24.0,12,3.1,0.3,0.5,0.667,0.0,0.2,0.0,0.0,0.0,0.0,0.1,0.5,0.6,0.2,0.1,0.1,0.2,0.7,0.7,-0.5
Jalen Smith,IND,24.0,61,17.2,3.8,6.5,0.592,1.0,2.4,0.424,1.2,1.7,0.692,1.8,3.7,5.5,1.0,0.3,0.6,0.7,2.0,9.9,-0.2
Jalen Suggs,ORL,23.0,75,27.0,4.5,9.5,0.471,2.0,5.1,0.397,1.6,2.1,0.756,0.6,2.4,3.1,2.7,1.4,0.6,1.8,2.7,12.6,0.6
Jalen Williams,OKC,23.0,71,31.3,7.5,14.0,0.54,1.5,3.4,0.427,2.5,3.1,0.814,0.5,3.5,4.0,4.5,1.1,0.6,1.7,2.5,19.1,5.4
Jalen Wilson,BKN,23.0,43,15.5,1.8,4.2,0.425,0.6,1.7,0.324,0.9,1.1,0.826,1.1,2.0,3.0,1.0,0.3,0.1,0.4,1.1,5.0,-0.1
Jamal Cain,MIA,25.0,26,10.0,1.3,3.0,0.43,0.4,1.2,0.355,0.7,0.9,0.783,0.6,0.8,1.4,0.4,0.4,0.2,0.3,0.8,3.7,-1.0
Jamal Murray,DEN,27.0,59,31.5,8.0,16.7,0.481,2.5,5.8,0.425,2.7,3.1,0.853,0.7,3.4,4.1,6.5,1.0,0.7,2.1,1.8,21.2,5.3
Jamaree Bouyea,SAS,25.0,9,10.5,1.1,3.1,0.357,0.1,1.0,0.111,0.0,0.0,0.0,0.3,1.8,2.1,1.2,0.1,0.0,1.0,1.1,2.3,-1.7
James Bouknight,CHA,23.0,14,5.8,1.3,2.9,0.439,0.9,2.1,0.433,0.1,0.1,0.5,0.1,0.6,0.6,0.4,0.1,0.1,0.1,0.2,3.6,-0.8
James Harden,LAC,34.0,72,34.3,4.9,11.4,0.428,2.6,6.8,0.381,4.2,4.8,0.878,0.5,4.7,5.1,8.5,1.1,0.8,2.6,1.8,16.6,4.0
James Johnson,IND,37.0,9,5.2,0.3,1.1,0.3,0.0,0.2,0.0,0.2,0.2,1.0,0.1,0.3,0.4,0.9,0.6,0.1,0.6,1.0,0.9,0.6
James Wiseman,DET,23.0,63,17.3,3.0,4.8,0.613,0.0,0.0,0.0,1.1,1.6,0.706,1.7,3.6,5.3,0.9,0.2,0.6,1.0,2.2,7.1,-5.2
Jarace Walker,IND,20.0,33,10.3,1.4,3.3,0.409,0.7,1.7,0.4,0.2,0.3,0.889,0.4,1.5,1.9,1.2,0.5,0.3,0.5,0.9,3.6,0.6
Jared Butler,WAS,23.0,40,14.1,2.5,5.0,0.488,0.6,2.0,0.308,0.8,0.9,0.861,0.2,1.2,1.5,3.2,0.7,0.2,1.3,1.5,6.3,-1.2
Jared Rhoden,DET,24.0,17,14.4,1.9,3.9,0.5,0.7,1.8,0.387,0.3,0.5,0.625,0.2,1.8,1.9,0.8,0.2,0.8,0.4,1.6,4.9,-2.3
Jaren Jackson Jr.,MEM,24.0,66,32.2,7.8,17.6,0.444,1.8,5.5,0.32,5.1,6.3,0.808,1.3,4.2,5.5,2.3,1.2,1.6,2.4,3.6,22.5,-5.2
Jarred Vanderbilt,LAL,25.0,29,20.0,2.0,3.9,0.518,0.3,0.9,0.296,0.8,1.2,0.667,1.4,3.3,4.8,1.2,1.2,0.2,1.0,1.5,5.2,1.5
Jarrett Allen,CLE,26.0,77,31.7,6.7,10.6,0.634,0.0,0.1,0.0,3.0,4.1,0.742,3.2,7.4,10.5,2.7,0.7,1.1,1.6,1.9,16.5,2.6
Jason Preston,UTA,24.0,7,10.2,0.9,2.7,0.316,0.0,0.4,0.0,0.0,0.0,0.0,0.9,1.6,2.4,2.3,0.3,0.1,0.3,0.4,1.7,3.3
Javon Freeman-Liberty,TOR,24.0,22,18.3,2.5,5.6,0.444,0.5,1.9,0.238,1.5,1.6,0.917,0.7,2.5,3.2,1.8,0.5,0.2,1.1,1.3,7.0,-7.2
Javonte Green,CHI,30.0,9,25.6,5.0,8.3,0.6,1.1,3.0,0.37,1.1,1.4,0.769,2.2,5.2,7.4,0.6,1.1,0.9,0.8,2.1,12.2,3.1
Javonte Smart,PHI,25.0,1,0.7,0.0,0.0,0.0,0.0,0.0,0.0,0.0,0.0,0.0,0.0,0.0,0.0,0.0,0.0,0.0,0.0,0.0,0.0,-3.0
Jaxson Hayes,LAL,24.0,70,12.5,1.8,2.5,0.72,0.0,0.1,0.0,0.7,1.2,0.622,1.0,2.0,3.0,0.5,0.5,0.4,0.6,1.8,4.3,-1.5
Jay Huff,DEN,26.0,20,2.5,0.5,0.8,0.6,0.2,0.5,0.333,0.1,0.1,1.0,0.1,0.5,0.6,0.1,0.1,0.2,0.1,0.5,1.2,-0.5
Jaylen Brown,BOS,27.0,70,33.5,9.0,17.9,0.499,2.1,5.9,0.354,3.0,4.3,0.703,1.2,4.3,5.5,3.6,1.2,0.5,2.4,2.6,23.0,5.9
Jaylen Nowell,DET,24.0,13,16.4,2.6,6.0,0.436,0.5,2.2,0.207,0.5,0.7,0.778,0.5,1.4,1.8,1.5,0.3,0.2,0.5,1.2,6.2,-2.5
Jaylin Williams,OKC,22.0,69,13.0,1.4,3.3,0.417,0.8,2.1,0.368,0.5,0.6,0.805,0.5,2.9,3.4,1.6,0.4,0.4,0.5,1.4,4.0,1.8
Jayson Tatum,BOS,26.0,74,35.7,9.1,19.3,0.471,3.1,8.2,0.376,5.6,6.7,0.833,0.9,7.2,8.1,4.9,1.0,0.6,2.5,2.0,26.9,8.2
Jeff Dowtin Jr.,PHI,27.0,12,11.8,1.7,3.0,0.556,0.8,1.6,0.474,0.3,0.3,0.75,0.3,1.4,1.7,2.3,0.6,0.1,0.4,0.1,4.3,1.8
Jeff Green,HOU,37.0,78,16.8,2.1,4.7,0.456,0.7,2.1,0.331,1.6,1.9,0.819,0.6,1.7,2.3,0.9,0.2,0.4,0.6,1.3,6.5,-1.0
Jerami Grant,POR,30.0,54,33.9,7.1,15.7,0.451,2.1,5.1,0.402,4.7,5.8,0.817,0.7,2.9,3.5,2.8,0.8,0.6,2.1,2.2,21.0,-6.5
Jeremiah Robinson-Earl,NOP,23.0,39,8.6,1.2,2.4,0.474,0.3,1.0,0.333,0.3,0.4,0.75,0.6,1.4,1.9,0.5,0.3,0.1,0.4,0.6,2.9,-0.6
Jeremy Sochan,SAS,21.0,74,29.6,4.6,10.5,0.438,0.9,3.1,0.308,1.5,1.9,0.771,1.9,4.6,6.4,3.4,0.8,0.5,1.9,2.3,11.6,-4.6
Jericho Sims,NYK,25.0,45,13.0,0.8,1.2,0.691,0.0,0.0,0.0,0.4,0.5,0.667,1.2,2.0,3.3,0.6,0.2,0.4,0.4,1.0,2.0,-0.2
Jermaine Samuels Jr.,HOU,25.0,14,4.3,0.6,1.0,0.643,0.0,0.1,0.0,0.1,0.1,1.0,0.2,0.7,0.9,0.2,0.1,0.1,0.0,0.4,1.4,-0.9
Jerome Robinson,GSW,27.0,22,3.7,0.5,1.5,0.333,0.1,0.8,0.118,0.3,0.5,0.636,0.0,0.2,0.3,0.2,0.0,0.1,0.1,0.2,1.4,1.2
Jett Howard,ORL,20.0,18,3.7,0.6,1.7,0.333,0.4,1.4,0.28,0.1,0.2,0.5,0.1,0.3,0.4,0.3,0.1,0.1,0.2,0.2,1.6,0.2
Jevon Carter,CHI,28.0,72,13.9,1.9,5.1,0.378,1.1,3.3,0.329,0.1,0.1,0.571,0.2,0.7,0.8,1.3,0.5,0.2,0.5,1.0,5.0,0.4
Jimmy Butler III,MIA,34.0,60,34.0,6.6,13.2,0.499,1.0,2.4,0.414,6.6,7.7,0.858,1.8,3.6,5.3,5.0,1.3,0.3,1.7,1.1,20.8,3.6
Jock Landale,HOU,28.0,56,13.6,1.9,3.7,0.515,0.2,0.7,0.25,0.9,1.2,0.8,1.6,1.5,3.1,1.2,0.4,0.6,0.6,1.3,4.9,2.9
Joe Harris,DET,32.0,16,10.6,0.9,2.4,0.359,0.6,1.9,0.333,0.1,0.1,0.5,0.2,0.6,0.8,0.6,0.2,0.1,0.3,1.2,2.4,-3.0
Joe Ingles,ORL,36.0,68,17.2,1.5,3.3,0.436,1.0,2.4,0.435,0.4,0.5,0.824,0.3,1.8,2.1,3.0,0.6,0.1,1.0,1.3,4.4,2.4
Joel Embiid,PHI,30.0,39,33.6,11.5,21.8,0.529,1.4,3.6,0.388,10.2,11.6,0.883,2.4,8.6,11.0,5.6,1.2,1.7,3.8,2.9,34.7,6.8
John Collins,UTA,26.0,68,28.0,5.8,11.0,0.532,1.3,3.4,0.371,2.2,2.7,0.795,2.3,6.1,8.5,1.1,0.6,0.9,1.4,2.8,15.1,-4.5
John Konchar,MEM,28.0,55,21.3,1.6,3.8,0.423,0.7,2.2,0.317,0.4,0.5,0.84,1.3,3.4,4.7,2.0,0.9,0.9,0.8,1.4,4.3,-2.7
Johnny Davis,WAS,22.0,50,12.3,1.2,3.1,0.403,0.3,0.8,0.35,0.3,0.5,0.583,0.4,1.1,1.4,0.6,0.4,0.2,0.3,1.1,3.0,-3.0
Johnny Juzang,UTA,23.0,20,18.6,2.6,5.5,0.464,1.6,3.9,0.416,0.5,0.7,0.714,0.4,1.5,1.8,1.2,0.2,0.1,0.7,1.5,7.2,-0.4
Jonas Valančiūnas,NOP,32.0,82,23.5,4.9,8.8,0.559,0.5,1.5,0.308,2.0,2.5,0.785,2.3,6.5,8.8,2.1,0.4,0.8,1.4,2.7,12.2,1.9
Jonathan Isaac,ORL,26.0,58,15.8,2.5,4.9,0.51,0.7,1.9,0.375,1.0,1.4,0.72,1.3,3.2,4.5,0.5,0.7,1.2,0.5,1.1,6.8,3.1
Jonathan Kuminga,GSW,21.0,74,26.3,6.2,11.6,0.529,0.7,2.2,0.321,3.0,4.0,0.746,1.2,3.6,4.8,2.2,0.7,0.5,1.6,2.3,16.1,1.7
Jontay Porter,TOR,24.0,26,13.8,1.5,4.0,0.385,0.8,2.3,0.333,0.6,0.7,0.833,1.0,2.2,3.2,2.3,0.8,0.8,0.8,1.3,4.4,-2.8
Jordan Clarkson,UTA,32.0,55,30.6,6.1,14.8,0.413,1.7,5.6,0.294,3.2,3.7,0.881,0.9,2.5,3.4,5.0,0.6,0.1,2.7,1.5,17.1,-3.5
Jordan Ford,SAC,26.0,6,3.6,0.7,1.2,0.571,0.3,0.5,0.667,0.3,0.3,1.0,0.0,0.3,0.3,0.3,0.0,0.0,0.2,0.0,2.0,2.3
Jordan Goodwin,MEM,25.0,57,18.5,2.5,6.7,0.369,0.7,2.5,0.298,0.8,1.0,0.746,1.5,2.9,4.4,2.7,0.8,0.3,1.0,1.3,6.5,-1.6
Jordan Hawkins,NOP,22.0,67,17.3,2.6,6.8,0.382,1.6,4.4,0.366,1.0,1.2,0.838,0.4,1.8,2.2,1.0,0.3,0.1,0.6,1.1,7.8,0.2
Jordan McLaughlin,MIN,28.0,56,11.2,1.3,2.6,0.483,0.8,1.6,0.472,0.2,0.3,0.722,0.3,1.0,1.3,2.0,0.6,0.1,0.3,0.6,3.5,2.8
Jordan Miller,LAC,24.0,8,3.5,0.6,1.1,0.556,0.1,0.3,0.5,0.3,0.3,1.0,0.4,0.3,0.6,0.0,0.0,0.0,0.1,0.3,1.6,-1.6
Jordan Nwora,TOR,25.0,52,13.7,2.7,5.8,0.462,0.8,2.5,0.336,0.8,1.0,0.83,0.5,2.3,2.9,1.2,0.5,0.3,1.0,0.9,7.0,-3.8
Jordan Poole,WAS,25.0,78,30.1,6.3,15.2,0.413,2.4,7.2,0.326,2.5,2.8,0.877,0.4,2.3,2.7,4.4,1.1,0.3,2.4,3.1,17.4,-7.1
Jordan Walsh,BOS,20.0,9,9.3,0.7,1.7,0.4,0.2,1.0,0.222,0.1,0.2,0.5,0.6,1.7,2.2,0.6,0.6,0.1,0.3,1.2,1.7,5.2
Jose Alvarado,NOP,26.0,56,18.4,2.5,6.2,0.412,1.4,3.7,0.377,0.6,0.9,0.673,0.4,1.8,2.3,2.1,1.1,0.3,0.7,1.6,7.1,4.3
Josh Giddey,OKC,21.0,80,25.1,5.0,10.6,0.475,1.0,3.0,0.337,1.3,1.6,0.806,1.4,5.0,6.4,4.8,0.7,0.6,2.1,1.4,12.3,4.7
Josh Green,DAL,23.0,57,26.4,3.1,6.6,0.479,1.3,3.3,0.385,0.7,1.0,0.684,0.7,2.5,3.2,2.3,0.8,0.2,1.1,1.9,8.2,-1.8
Josh Hart,NYK,29.0,81,33.4,3.6,8.4,0.434,1.0,3.2,0.31,1.1,1.4,0.791,1.6,6.8,8.3,4.1,0.9,0.3,1.5,2.1,9.4,4.3
Josh Minott,MIN,21.0,32,2.9,0.5,1.1,0.472,0.1,0.3,0.4,0.4,0.4,0.857,0.1,0.4,0.5,0.3,0.2,0.2,0.1,0.3,1.6,0.6
Josh Okogie,PHX,25.0,60,16.0,1.4,3.4,0.417,0.5,1.6,0.309,1.3,1.7,0.745,1.2,1.3,2.6,1.1,0.8,0.4,0.6,1.1,4.6,0.1
Josh Richardson,MIA,30.0,43,25.6,3.6,8.1,0.444,1.5,4.4,0.347,1.2,1.3,0.944,0.4,2.4,2.8,2.4,0.6,0.3,0.8,1.8,9.9,-2.5
Joshua Primo,LAC,21.0,2,5.1,0.5,1.5,0.333,0.0,0.5,0.0,0.0,0.0,0.0,0.5,0.0,0.5,0.0,0.0,0.5,2.0,0.0,1.0,-0.5
Jrue Holiday,BOS,34.0,69,32.8,4.8,10.0,0.48,2.0,4.7,0.429,0.9,1.0,0.833,1.2,4.2,5.4,4.8,0.9,0.8,1.8,1.6,12.5,6.2
Juan Toscano-Anderson,SAC,31.0,11,4.8,0.3,1.1,0.25,0.1,0.4,0.25,0.0,0.0,0.0,0.4,0.9,1.3,0.4,0.1,0.1,0.2,1.0,0.6,-0.8
Jules Bernard,WAS,24.0,19,7.9,1.5,3.4,0.453,0.6,1.5,0.379,0.3,0.5,0.556,0.5,0.8,1.4,0.8,0.2,0.1,0.4,0.7,3.9,1.4
Julian Champagnie,SAS,23.0,74,19.8,2.2,5.4,0.408,1.4,3.7,0.365,1.0,1.2,0.815,0.6,2.2,2.8,1.4,0.6,0.6,0.8,1.0,6.8,-1.9
Julian Phillips,CHI,20.0,40,8.1,0.8,1.9,0.416,0.3,1.0,0.316,0.3,0.5,0.684,0.3,0.6,0.9,0.3,0.2,0.2,0.3,1.0,2.2,-0.1
Julian Strawther,DEN,22.0,50,10.9,1.6,4.4,0.369,0.8,2.8,0.297,0.4,0.6,0.71,0.1,1.1,1.2,0.9,0.3,0.1,0.5,1.1,4.5,-2.1
Julius Randle,NYK,29.0,46,35.4,8.6,18.2,0.472,1.7,5.3,0.311,5.1,6.6,0.781,2.2,7.0,9.2,5.0,0.5,0.3,3.5,2.7,24.0,4.7
Justin Champagnie,WAS,23.0,15,15.7,2.1,5.2,0.41,0.9,3.0,0.289,0.8,1.0,0.8,1.3,2.3,3.5,1.3,0.7,0.6,0.7,0.9,5.9,-3.9
Justin Holiday,DEN,35.0,58,14.9,1.5,3.3,0.454,0.9,2.3,0.404,0.1,0.1,0.75,0.2,1.1,1.2,1.2,0.6,0.2,0.2,1.2,4.0,0.9
Justin Jackson,MIN,29.0,2,0.4,0.0,0.0,0.0,0.0,0.0,0.0,0.0,0.0,0.0,0.0,0.0,0.0,0.0,0.0,0.0,0.0,0.0,0.0,0.0
Justin Minaya,POR,25.0,34,11.2,0.6,2.2,0.297,0.4,1.4,0.245,0.1,0.3,0.556,0.9,0.8,1.6,0.6,0.3,0.3,0.3,1.0,1.8,-2.4
Jusuf Nurkić,PHX,29.0,76,27.3,4.2,8.3,0.51,0.3,1.2,0.244,2.2,3.4,0.64,2.9,8.1,11.0,4.0,1.1,1.1,2.3,3.3,10.9,5.3
KJ Martin,PHI,23.0,60,12.4,1.6,3.0,0.536,0.1,0.5,0.286,0.4,0.7,0.537,0.7,1.5,2.2,0.9,0.4,0.2,0.5,1.7,3.7,-0.1
Kaiser Gates,NOP,27.0,1,7.4,0.0,4.0,0.0,0.0,2.0,0.0,0.0,0.0,0.0,0.0,1.0,1.0,0.0,0.0,0.0,0.0,0.0,0.0,-2.0
Karl-Anthony Towns,MIN,28.0,62,32.7,7.7,15.3,0.504,2.2,5.3,0.416,4.1,4.7,0.873,1.5,6.8,8.3,3.0,0.7,0.7,2.9,3.3,21.8,5.2
Kawhi Leonard,LAC,33.0,68,34.3,9.0,17.1,0.525,2.1,4.9,0.417,3.7,4.2,0.885,1.2,4.9,6.1,3.6,1.6,0.9,1.8,1.4,23.7,5.8
Keegan Murray,SAC,23.0,77,33.6,5.8,12.7,0.454,2.4,6.6,0.358,1.3,1.6,0.831,1.4,4.1,5.5,1.7,1.0,0.8,0.8,2.7,15.2,1.8
Keita Bates-Diop,BKN,28.0,53,12.5,1.4,3.1,0.434,0.4,1.3,0.304,0.6,0.8,0.762,0.6,1.5,2.1,0.7,0.5,0.4,0.3,0.7,3.7,-1.0
Keldon Johnson,SAS,24.0,69,29.5,5.7,12.5,0.454,1.8,5.3,0.346,2.5,3.2,0.792,1.4,4.1,5.5,2.8,0.7,0.3,1.4,2.2,15.7,-5.0
Kelly Olynyk,TOR,33.0,78,22.5,3.5,6.4,0.555,0.8,2.0,0.387,1.9,2.3,0.833,1.4,3.9,5.3,4.4,0.9,0.4,1.9,2.9,9.8,-3.4
Kelly Oubre Jr.,PHI,28.0,68,30.2,5.7,12.9,0.441,1.5,4.8,0.311,2.6,3.4,0.75,1.4,3.6,5.0,1.5,1.1,0.7,1.3,2.9,15.4,-0.4
Kendall Brown,IND,21.0,15,4.2,0.5,1.0,0.533,0.0,0.1,0.0,0.3,0.5,0.625,0.2,0.1,0.3,0.3,0.0,0.0,0.1,0.6,1.4,-1.6
Kenneth Lofton Jr.,UTA,21.0,21,9.4,1.7,3.7,0.462,0.3,1.1,0.292,0.8,1.2,0.654,0.6,1.2,1.8,1.6,0.3,0.2,0.7,1.1,4.6,-0.5
Kenrich Williams,OKC,29.0,69,14.9,1.9,4.1,0.468,0.8,2.0,0.397,0.1,0.2,0.5,0.9,2.1,3.0,1.3,0.6,0.1,0.5,1.5,4.7,2.2
Kentavious Caldwell-Pope,DEN,31.0,76,31.6,3.6,7.7,0.46,1.6,4.1,0.406,1.3,1.5,0.894,0.4,2.0,2.4,2.4,1.3,0.6,1.0,2.0,10.1,7.5
Keon Ellis,SAC,24.0,57,17.2,1.9,4.1,0.461,1.2,2.9,0.417,0.5,0.6,0.743,0.6,1.6,2.2,1.5,0.9,0.5,0.6,2.0,5.4,1.6
Keon Johnson,BKN,22.0,5,12.3,1.6,4.2,0.381,0.8,2.0,0.4,2.2,2.4,0.917,0.6,0.8,1.4,0.6,0.6,0.2,1.0,1.0,6.2,-5.0
Kessler Edwards,SAC,23.0,54,5.1,0.6,1.5,0.415,0.4,1.0,0.385,0.1,0.2,0.556,0.2,0.6,0.8,0.3,0.2,0.1,0.1,0.5,1.7,-0.8
Kevin Durant,PHX,35.0,75,37.2,10.0,19.1,0.523,2.2,5.4,0.413,4.8,5.6,0.856,0.5,6.1,6.6,5.0,0.9,1.2,3.3,1.8,27.1,3.9
Kevin Huerter,SAC,25.0,64,24.4,3.9,8.8,0.443,1.9,5.3,0.361,0.6,0.7,0.766,0.6,2.9,3.5,2.6,0.7,0.4,0.8,2.1,10.2,1.2
Kevin Knox II,DET,24.0,31,18.1,2.8,6.0,0.462,1.0,3.0,0.33,0.6,0.7,0.909,0.6,1.8,2.4,0.7,0.4,0.2,0.7,1.6,7.2,-2.7
Kevin Love,MIA,35.0,55,16.8,2.9,6.5,0.44,1.5,4.4,0.344,1.5,2.0,0.787,1.1,5.1,6.1,2.1,0.3,0.2,0.9,1.8,8.8,2.0
Kevon Harris,ORL,27.0,2,3.0,1.0,1.5,0.667,0.0,0.0,0.0,0.0,0.0,0.0,0.0,1.0,1.0,0.5,0.0,0.0,0.5,1.5,2.0,0.0
Kevon Looney,GSW,28.0,74,16.1,1.9,3.1,0.597,0.0,0.0,0.0,0.8,1.1,0.675,1.9,3.7,5.7,1.8,0.4,0.4,0.7,2.1,4.5,0.5
Keyontae Johnson,OKC,24.0,9,7.4,0.6,1.8,0.313,0.1,0.3,0.333,0.0,0.0,0.0,0.4,0.7,1.1,0.4,0.1,0.0,0.4,0.6,1.2,-0.8
Keyonte George,UTA,20.0,75,27.0,4.3,10.9,0.391,2.0,5.9,0.334,2.5,3.0,0.848,0.2,2.6,2.8,4.4,0.5,0.1,2.5,1.2,13.0,-5.0
Khris Middleton,MIL,32.0,55,27.0,5.8,11.7,0.493,1.7,4.5,0.381,1.8,2.2,0.833,0.7,3.9,4.7,5.3,0.9,0.3,2.3,2.6,15.1,2.3
Killian Hayes,DET,22.0,42,24.0,2.8,6.7,0.413,0.5,1.8,0.297,0.8,1.2,0.66,0.3,2.6,2.8,4.9,0.9,0.5,1.2,1.8,6.9,-5.8
Kira Lewis Jr.,UTA,23.0,28,9.4,1.2,3.3,0.37,0.1,1.2,0.121,0.6,0.7,0.85,0.3,0.6,0.9,1.3,0.3,0.1,0.5,0.5,3.2,-2.4
Klay Thompson,GSW,34.0,77,29.7,6.4,14.7,0.432,3.5,9.0,0.387,1.6,1.8,0.927,0.5,2.8,3.3,2.3,0.6,0.5,1.5,1.6,17.9,0.1
Kobe Brown,LAC,24.0,44,9.0,0.8,2.0,0.411,0.3,1.1,0.292,0.0,0.0,0.5,0.5,1.0,1.4,0.6,0.3,0.1,0.2,1.1,2.0,-2.1
Kobe Bufkin,ATL,20.0,17,11.5,2.0,5.4,0.37,0.5,2.4,0.225,0.2,0.5,0.5,0.4,1.6,1.9,1.6,0.4,0.3,0.6,1.2,4.8,-2.1
Kobi Simmons,TOR,26.0,4,16.9,2.3,5.3,0.429,0.5,2.0,0.25,0.0,0.0,0.0,0.3,1.5,1.8,3.0,1.5,0.5,0.3,1.3,5.0,-7.8
Kris Dunn,UTA,30.0,66,18.9,2.2,4.7,0.47,0.6,1.7,0.369,0.3,0.5,0.688,0.8,2.1,2.9,3.8,1.0,0.4,1.2,2.0,5.4,0.2
Kris Murray,POR,23.0,62,21.7,2.3,5.9,0.396,0.8,3.0,0.268,0.6,0.9,0.661,1.4,2.2,3.6,1.3,0.9,0.3,0.9,1.5,6.1,-2.6
Kristaps Porziņģis,BOS,28.0,57,29.6,6.8,13.2,0.516,1.9,5.1,0.375,4.5,5.3,0.858,1.7,5.5,7.2,2.0,0.7,1.9,1.6,2.7,20.1,7.3
Kyle Anderson,MIN,30.0,79,22.6,2.5,5.5,0.46,0.1,0.6,0.229,1.2,1.7,0.708,0.8,2.7,3.5,4.2,0.9,0.6,1.2,1.6,6.4,2.1
Kyle Kuzma,WAS,28.0,70,32.6,8.7,18.8,0.463,2.2,6.4,0.336,2.7,3.4,0.775,0.9,5.7,6.6,4.2,0.5,0.7,2.7,2.2,22.2,-8.0
Kyle Lowry,PHI,38.0,60,28.2,2.7,6.3,0.432,1.6,4.2,0.392,1.1,1.3,0.84,0.6,2.7,3.2,4.2,1.0,0.4,1.4,2.4,8.1,0.0
Kyrie Irving,DAL,32.0,58,35.0,9.7,19.5,0.497,3.0,7.3,0.411,3.3,3.6,0.905,0.8,4.2,5.0,5.2,1.3,0.5,1.8,1.9,25.6,4.8
LaMelo Ball,CHA,22.0,22,32.3,8.3,19.2,0.433,3.2,9.0,0.355,4.1,4.7,0.865,1.3,3.8,5.1,8.0,1.8,0.2,3.8,3.6,23.9,-6.3
Lamar Stevens,MEM,26.0,38,14.7,2.8,6.3,0.45,0.4,1.2,0.304,1.1,1.4,0.778,0.9,2.4,3.3,0.7,0.6,0.6,0.6,1.2,7.2,0.2
Landry Shamet,WAS,27.0,46,15.8,2.6,6.0,0.431,1.2,3.4,0.338,0.8,1.0,0.826,0.3,1.0,1.3,1.2,0.5,0.2,0.7,1.7,7.1,-3.2
Larry Nance Jr.,NOP,31.0,61,19.9,2.3,4.0,0.573,0.4,1.1,0.415,0.8,1.0,0.77,1.5,3.5,5.0,1.9,1.0,0.3,0.8,1.6,5.7,1.2
Lauri Markkanen,UTA,27.0,55,33.1,7.8,16.2,0.48,3.2,8.0,0.399,4.5,5.0,0.899,2.2,5.9,8.2,2.0,0.9,0.5,1.4,1.8,23.2,0.4
LeBron James,LAL,39.0,71,35.3,9.6,17.9,0.54,2.1,5.1,0.41,4.3,5.7,0.75,0.9,6.4,7.3,8.3,1.3,0.5,3.5,1.1,25.7,3.1
Leaky Black,CHA,25.0,26,10.9,1.0,2.0,0.481,0.3,0.8,0.45,0.4,0.6,0.667,0.3,1.5,1.8,0.9,0.3,0.4,0.2,0.7,2.7,-1.0
Leonard Miller,MIN,20.0,17,3.1,0.8,1.2,0.65,0.1,0.3,0.4,0.1,0.1,0.5,0.3,0.9,1.2,0.5,0.1,0.1,0.1,0.3,1.7,0.5
Lester Quinones,GSW,23.0,37,10.7,1.5,3.8,0.397,0.9,2.4,0.364,0.5,0.8,0.69,0.6,1.4,1.9,1.0,0.2,0.1,0.5,1.2,4.4,0.5
Lindell Wigginton,MIL,26.0,3,2.5,0.7,1.7,0.4,0.0,0.7,0.0,0.7,0.7,1.0,0.0,0.0,0.0,0.0,0.0,0.0,0.3,0.3,2.0,-3.3
Lindy Waters III,OKC,26.0,38,7.4,1.3,2.7,0.471,1.0,2.2,0.435,0.1,0.1,1.0,0.2,0.9,1.1,0.6,0.1,0.2,0.2,0.6,3.6,-0.9
Lonnie Walker IV,BKN,25.0,58,17.4,3.6,8.5,0.423,1.8,4.7,0.384,0.8,1.0,0.763,0.2,2.0,2.2,1.3,0.6,0.3,0.9,1.2,9.7,0.1
Luguentz Dort,OKC,25.0,79,28.4,3.6,8.3,0.438,2.0,5.0,0.394,1.6,2.0,0.826,0.9,2.7,3.6,1.4,0.9,0.6,0.9,2.9,10.9,4.4
Luka Dončić,DAL,25.0,70,37.5,11.5,23.6,0.487,4.1,10.6,0.382,6.8,8.7,0.786,0.8,8.4,9.2,9.8,1.4,0.5,4.0,2.1,33.9,4.6
Luka Garza,MIN,25.0,25,4.9,1.4,3.0,0.48,0.4,1.3,0.281,0.7,1.0,0.72,0.8,0.5,1.2,0.2,0.2,0.0,0.2,1.0,4.0,0.3
Luka Samanic,UTA,24.0,43,9.4,1.4,3.7,0.38,0.3,1.5,0.203,1.0,1.3,0.786,0.5,1.9,2.4,0.4,0.1,0.2,0.7,0.7,4.1,-1.2
Luke Kennard,MEM,28.0,39,25.6,3.6,8.1,0.448,2.7,6.1,0.45,1.0,1.2,0.889,0.3,2.6,2.9,3.5,0.5,0.1,1.4,1.0,11.0,-4.8
Luke Kornet,BOS,28.0,63,15.6,2.3,3.2,0.7,0.0,0.0,1.0,0.8,0.9,0.907,1.9,2.3,4.1,1.1,0.4,1.0,0.3,1.2,5.3,3.5
Malachi Flynn,DET,26.0,69,12.7,2.0,4.7,0.418,0.8,2.4,0.331,0.8,1.0,0.732,0.3,1.3,1.7,1.9,0.6,0.1,0.9,1.0,5.5,-2.6
Malaki Branham,SAS,21.0,75,21.3,3.6,8.4,0.432,1.2,3.6,0.347,0.7,0.8,0.873,0.4,1.6,2.0,2.1,0.4,0.1,1.2,1.3,9.2,-5.0
Malcolm Brogdon,POR,31.0,39,28.7,5.6,12.7,0.44,2.1,5.1,0.412,2.4,3.0,0.819,0.7,3.1,3.8,5.5,0.7,0.2,1.5,1.5,15.7,-2.1
Malcolm Cazalon,DET,22.0,1,2.6,0.0,0.0,0.0,0.0,0.0,0.0,0.0,0.0,0.0,0.0,0.0,0.0,0.0,0.0,0.0,0.0,0.0,0.0,5.0
Malik Beasley,MIL,27.0,79,29.6,4.1,9.1,0.443,2.8,6.9,0.413,0.3,0.4,0.714,0.5,3.2,3.7,1.4,0.7,0.1,0.7,2.0,11.3,3.7
Malik Monk,SAC,26.0,72,26.0,5.5,12.4,0.443,2.1,5.9,0.35,2.4,2.8,0.829,0.4,2.6,2.9,5.1,0.6,0.5,2.1,2.2,15.4,0.1
Malik Williams,TOR,25.0,7,15.2,1.3,4.9,0.265,0.1,0.7,0.2,0.0,0.3,0.0,2.1,3.3,5.4,0.3,0.4,0.6,0.4,2.1,2.7,-8.0
Mamadi Diakite,NYK,27.0,6,4.1,0.7,1.0,0.667,0.0,0.2,0.0,0.7,1.0,0.667,0.2,0.5,0.7,0.3,0.2,0.2,0.2,0.3,2.0,0.5
Maozinha Pereira,MEM,23.0,7,17.4,2.6,5.0,0.514,0.7,1.9,0.385,1.0,1.4,0.7,1.6,3.7,5.3,0.3,0.9,0.6,0.7,1.4,6.9,1.3
MarJon Beauchamp,MIL,23.0,48,12.7,1.7,3.5,0.488,0.6,1.6,0.4,0.4,0.6,0.679,0.5,1.6,2.1,0.6,0.3,0.1,0.6,1.1,4.4,-0.3
Marcus Morris Sr.,CLE,34.0,49,16.7,2.4,5.4,0.439,1.0,2.4,0.403,0.7,0.9,0.818,0.5,2.3,2.7,0.7,0.3,0.3,0.6,1.5,6.4,-1.2
Marcus Sasser,DET,23.0,71,19.0,3.1,7.2,0.428,1.3,3.4,0.375,0.8,0.9,0.879,0.2,1.6,1.8,3.3,0.6,0.2,1.3,1.5,8.3,-3.5
Marcus Smart,MEM,30.0,20,30.2,5.1,11.9,0.43,2.1,6.7,0.313,2.2,2.8,0.768,0.3,2.4,2.7,4.3,2.1,0.3,3.1,2.7,14.5,-1.0
Mark Williams,CHA,22.0,19,26.8,5.2,7.9,0.649,0.0,0.0,0.0,2.4,3.4,0.719,4.0,5.7,9.7,1.2,0.8,1.1,0.9,2.6,12.7,-1.1
Markelle Fultz,ORL,26.0,43,21.2,3.6,7.6,0.472,0.1,0.4,0.222,0.5,0.8,0.697,1.3,1.9,3.2,2.8,1.0,0.3,1.2,1.5,7.8,0.3
Markieff Morris,DAL,34.0,26,8.3,0.9,2.6,0.338,0.6,1.6,0.357,0.2,0.2,0.833,0.2,1.3,1.5,0.6,0.2,0.1,0.5,0.5,2.5,-2.2
Markquis Nowell,TOR,24.0,1,3.5,0.0,1.0,0.0,0.0,0.0,0.0,2.0,2.0,1.0,2.0,0.0,2.0,2.0,1.0,0.0,0.0,0.0,2.0,4.0
Marques Bolden,CHA,26.0,11,11.0,1.5,2.3,0.68,0.0,0.1,0.0,0.3,0.4,0.75,0.9,2.2,3.1,0.4,0.3,0.6,0.3,0.9,3.4,-1.5
Marvin Bagley III,WAS,25.0,50,21.1,4.8,8.2,0.586,0.2,0.5,0.391,1.9,2.5,0.762,2.6,3.6,6.2,1.1,0.4,0.7,1.2,1.6,11.7,-2.7
Mason Jones,SAC,25.0,5,5.5,0.4,1.6,0.25,0.4,1.4,0.286,0.2,0.4,0.5,0.2,0.8,1.0,1.0,0.2,0.0,0.4,0.6,1.4,-1.4
Mason Plumlee,LAC,34.0,46,14.7,1.9,3.3,0.569,0.0,0.1,0.0,1.5,2.2,0.707,1.3,3.8,5.1,1.2,0.3,0.4,0.8,1.5,5.3,0.2
Matisse Thybulle,POR,27.0,65,22.9,1.9,4.9,0.397,1.2,3.6,0.346,0.3,0.4,0.759,0.5,1.6,2.1,1.4,1.7,0.8,0.6,1.4,5.4,-3.6
Matt Hurt,MEM,24.0,8,14.2,1.5,4.3,0.353,0.6,2.5,0.25,0.4,0.4,1.0,1.1,0.9,2.0,0.5,0.4,0.4,0.3,1.0,4.0,-1.5
Matt Ryan,NOP,27.0,28,13.9,1.8,4.0,0.434,1.5,3.3,0.451,0.5,0.5,0.929,0.2,1.2,1.4,0.6,0.2,0.0,0.7,1.1,5.4,0.5
Max Christie,LAL,21.0,67,14.1,1.5,3.6,0.427,0.6,1.8,0.356,0.5,0.7,0.783,0.2,1.9,2.1,0.9,0.3,0.3,0.5,0.9,4.2,-0.3
Max Strus,CLE,28.0,70,32.0,4.3,10.4,0.418,2.4,6.8,0.351,1.1,1.4,0.794,0.9,3.9,4.8,4.0,0.9,0.4,1.6,2.4,12.2,3.6
Maxi Kleber,DAL,32.0,43,20.3,1.5,3.4,0.432,0.7,2.1,0.348,0.8,1.1,0.702,0.7,2.6,3.3,1.6,0.4,0.7,0.7,1.8,4.4,2.9
Maxwell Lewis,LAL,21.0,34,3.0,0.1,0.6,0.19,0.0,0.3,0.111,0.1,0.1,0.667,0.1,0.1,0.1,0.2,0.1,0.0,0.3,0.1,0.3,-2.1
Micah Potter,UTA,26.0,16,11.6,1.2,2.5,0.475,0.6,1.3,0.429,0.4,0.5,0.75,0.6,2.1,2.7,0.4,0.3,0.4,0.3,0.9,3.3,-1.8
Michael Porter Jr.,DEN,26.0,81,31.7,6.4,13.3,0.484,2.7,6.8,0.397,1.1,1.4,0.836,1.3,5.7,7.0,1.5,0.5,0.7,1.1,1.8,16.7,5.8
Mikal Bridges,BKN,27.0,82,34.8,6.9,15.8,0.436,2.7,7.2,0.372,3.1,3.9,0.814,0.8,3.7,4.5,3.6,1.0,0.4,2.0,1.4,19.6,-2.3
Mike Conley,MIN,36.0,76,28.9,3.9,8.5,0.457,2.4,5.3,0.442,1.3,1.5,0.911,0.5,2.4,2.9,5.9,1.2,0.2,1.3,1.7,11.4,3.6
Mike Muscala,OKC,33.0,53,11.3,1.1,2.9,0.359,0.5,1.8,0.292,0.3,0.5,0.68,0.7,1.6,2.4,0.7,0.2,0.2,0.4,1.0,3.0,-1.7
Miles Bridges,CHA,26.0,69,37.4,8.1,17.5,0.462,2.3,6.5,0.349,2.5,3.1,0.825,1.0,6.3,7.3,3.3,0.9,0.5,2.0,1.7,21.0,-9.2
Miles McBride,NYK,23.0,68,19.5,3.0,6.7,0.452,1.6,3.9,0.41,0.6,0.7,0.86,0.5,1.0,1.5,1.7,0.7,0.1,0.4,1.6,8.3,-0.2
Mitchell Robinson,NYK,26.0,31,24.8,2.4,4.1,0.575,0.0,0.0,0.0,0.9,2.1,0.409,4.6,3.9,8.5,0.6,1.2,1.1,0.8,1.8,5.6,0.4
Mo Bamba,PHI,26.0,57,13.0,1.7,3.5,0.49,0.4,1.1,0.391,0.6,0.9,0.68,1.4,2.8,4.2,0.7,0.4,1.1,0.7,1.8,4.4,-0.8
Monté Morris,MIN,29.0,33,14.4,1.9,4.6,0.405,0.8,2.1,0.386,0.4,0.6,0.684,0.2,1.5,1.7,2.1,0.6,0.3,0.2,0.4,5.0,2.6
Moritz Wagner,ORL,27.0,80,17.7,4.2,6.9,0.601,0.5,1.4,0.33,2.1,2.6,0.814,1.5,2.9,4.3,1.2,0.5,0.3,1.2,2.0,10.9,1.2
Moses Brown,POR,24.0,22,9.1,1.5,3.0,0.508,0.0,0.0,0.0,0.4,1.4,0.29,1.7,2.2,3.9,0.3,0.2,0.3,0.5,1.2,3.4,-2.7
Moses Moody,GSW,22.0,66,17.5,2.9,6.4,0.462,1.1,3.0,0.36,1.1,1.4,0.785,1.0,2.0,3.0,0.9,0.6,0.4,0.7,1.4,8.1,1.5
Mouhamadou Gueye,TOR,25.0,11,10.9,1.0,3.5,0.289,0.0,0.3,0.0,0.4,0.8,0.444,1.1,1.0,2.1,0.5,0.3,1.6,1.1,1.4,2.4,-7.3
Mouhamed Gueye,ATL,21.0,6,12.1,1.3,3.8,0.348,0.5,1.5,0.333,0.8,1.0,0.833,1.7,2.0,3.7,0.7,0.8,0.7,0.2,2.2,4.0,-6.8
Moussa Diabaté,LAC,22.0,11,5.8,0.9,1.7,0.526,0.0,0.0,0.0,0.8,1.3,0.643,1.4,0.8,2.2,0.4,0.5,0.1,0.2,0.4,2.6,-0.2
Myles Turner,IND,28.0,77,27.0,6.2,11.8,0.524,1.5,4.2,0.358,3.2,4.1,0.773,1.5,5.5,6.9,1.3,0.5,1.9,1.4,3.0,17.1,2.9
Naji Marshall,NOP,26.0,66,19.0,2.6,5.6,0.463,0.9,2.3,0.387,1.0,1.3,0.791,0.8,2.8,3.6,1.9,0.7,0.2,1.0,1.4,7.1,3.1
Nassir Little,PHX,24.0,45,10.2,1.3,2.8,0.46,0.5,1.6,0.3,0.4,0.4,0.85,0.3,1.4,1.7,0.5,0.2,0.2,0.3,0.9,3.4,-2.0
Nate Hinton,HOU,25.0,15,5.0,0.7,1.7,0.423,0.5,0.9,0.5,0.3,0.3,0.8,0.5,1.0,1.5,0.7,0.2,0.1,0.2,0.7,2.2,0.9
Nate Williams,HOU,25.0,22,5.9,1.2,2.3,0.54,0.1,0.2,0.4,0.3,0.6,0.538,0.5,0.5,1.0,0.3,0.2,0.0,0.2,0.5,2.9,1.0
Nathan Mensah,CHA,26.0,25,12.3,0.5,1.1,0.429,0.0,0.0,0.0,0.4,0.5,0.75,1.2,1.4,2.6,0.4,0.2,0.6,0.6,2.6,1.3,-5.3
Naz Reid,MIN,24.0,81,24.2,5.0,10.5,0.477,2.1,5.0,0.414,1.3,1.8,0.736,0.9,4.3,5.2,1.3,0.8,0.9,1.4,2.1,13.5,3.1
Neemias Queta,BOS,24.0,28,11.9,2.4,3.7,0.644,0.0,0.0,0.0,0.7,1.0,0.714,1.9,2.5,4.4,0.7,0.5,0.8,0.5,1.8,5.5,4.8
Nic Claxton,BKN,25.0,71,29.8,5.2,8.2,0.629,0.0,0.1,0.2,1.5,2.8,0.551,2.7,7.2,9.9,2.1,0.6,2.1,1.3,2.5,11.8,-3.9
Nick Richards,CHA,26.0,67,26.2,3.9,5.6,0.691,0.0,0.0,0.0,2.0,2.7,0.737,2.6,5.5,8.0,0.8,0.4,1.1,1.1,2.6,9.7,-6.4
Nick Smith Jr.,CHA,20.0,51,14.3,2.2,5.7,0.391,1.2,2.9,0.432,0.3,0.3,0.867,0.4,1.1,1.4,1.2,0.2,0.1,0.8,1.1,5.9,-3.8
Nickeil Alexander-Walker,MIN,25.0,82,23.4,2.9,6.6,0.439,1.6,4.1,0.391,0.6,0.8,0.8,0.4,1.6,2.0,2.5,0.8,0.5,0.9,1.7,8.0,3.8
Nicolas Batum,PHI,35.0,60,25.5,1.9,4.3,0.453,1.2,3.1,0.395,0.3,0.4,0.714,1.2,3.0,4.1,2.1,0.8,0.6,0.7,1.8,5.3,3.0
Nikola Jokić,DEN,29.0,79,34.6,10.4,17.9,0.583,1.1,2.9,0.359,4.5,5.5,0.817,2.8,9.5,12.4,9.0,1.4,0.9,3.0,2.5,26.4,8.6
Nikola Jović,MIA,21.0,46,19.5,2.8,6.1,0.452,1.4,3.5,0.399,0.7,1.0,0.702,0.5,3.6,4.2,2.0,0.5,0.3,0.9,1.8,7.7,3.2
Nikola Vučević,CHI,33.0,76,34.3,7.7,15.9,0.484,1.2,4.1,0.294,1.4,1.7,0.822,2.8,7.8,10.5,3.3,0.7,0.8,1.6,2.5,18.0,-2.4
Noah Clowney,BKN,19.0,23,16.1,2.2,4.0,0.538,0.5,1.4,0.364,0.9,1.3,0.7,1.1,2.4,3.5,0.8,0.3,0.7,0.7,1.1,5.8,-2.3
Norman Powell,LAC,31.0,76,26.2,4.9,10.1,0.486,2.2,5.1,0.435,1.9,2.3,0.831,0.2,2.4,2.6,1.1,0.6,0.3,0.9,1.8,13.9,2.8
OG Anunoby,NYK,26.0,50,34.0,5.6,11.5,0.489,2.0,5.3,0.382,1.3,1.8,0.753,0.9,3.2,4.2,2.1,1.4,0.7,1.6,2.4,14.7,7.8
Obi Toppin,IND,26.0,82,21.1,4.0,7.1,0.573,1.2,3.1,0.403,0.9,1.2,0.77,1.0,2.9,3.9,1.6,0.6,0.5,0.8,1.7,10.3,1.7
Ochai Agbaji,TOR,24.0,78,21.0,2.3,5.6,0.411,0.8,2.7,0.294,0.5,0.7,0.661,0.9,1.8,2.8,1.1,0.6,0.6,0.8,1.5,5.8,-3.2
Olivier Sarr,OKC,25.0,15,6.5,0.7,1.3,0.579,0.1,0.4,0.333,0.7,1.0,0.667,0.7,1.7,2.4,0.1,0.0,0.5,0.2,1.2,2.3,0.1
Olivier-Maxence Prosper,DAL,21.0,40,8.4,1.0,2.6,0.385,0.3,1.1,0.289,0.7,1.0,0.683,0.6,1.4,2.0,0.6,0.2,0.1,0.2,0.5,3.0,-2.2
Omer Yurtseven,UTA,26.0,48,11.4,2.1,3.8,0.538,0.1,0.5,0.208,0.4,0.6,0.679,1.5,2.8,4.3,0.6,0.2,0.4,0.8,1.1,4.6,-2.8
Onuralp Bitim,CHI,25.0,23,11.7,1.4,3.7,0.381,0.5,1.9,0.273,0.2,0.2,0.8,0.3,1.1,1.4,0.6,0.1,0.1,0.4,1.0,3.5,-2.0
Onyeka Okongwu,ATL,23.0,55,25.5,4.1,6.6,0.611,0.4,1.3,0.333,1.7,2.1,0.793,2.6,4.2,6.8,1.3,0.5,1.1,0.8,2.9,10.2,-0.6
Orlando Robinson,MIA,23.0,36,8.4,1.0,2.0,0.5,0.2,0.4,0.533,0.5,0.7,0.76,0.8,1.6,2.3,0.9,0.2,0.2,0.5,1.0,2.8,0.3
Oscar Tshiebwe,IND,24.0,8,5.2,1.3,2.5,0.5,0.0,0.0,0.0,0.8,1.0,0.75,1.0,1.0,2.0,0.3,0.3,0.1,0.0,0.4,3.3,1.8
Oshae Brissett,BOS,26.0,55,11.5,1.2,2.8,0.444,0.3,1.0,0.273,0.9,1.5,0.602,1.1,1.8,2.9,0.8,0.3,0.1,0.4,1.0,3.7,2.1
Otto Porter Jr.,TOR,31.0,15,11.6,0.9,2.2,0.424,0.5,1.5,0.348,0.2,0.2,1.0,0.4,1.5,1.9,0.5,0.3,0.3,0.1,1.3,2.6,1.5
Ousmane Dieng,OKC,21.0,33,11.1,1.5,3.5,0.422,0.6,2.1,0.3,0.4,0.5,0.875,0.3,1.2,1.5,1.1,0.2,0.2,0.6,0.7,4.0,0.0
P.J. Tucker,LAC,39.0,31,15.7,0.6,1.6,0.36,0.4,1.1,0.371,0.1,0.1,1.0,0.9,1.8,2.7,0.5,0.5,0.2,0.3,1.7,1.7,-0.8
P.J. Washington,DAL,25.0,73,30.4,4.8,11.1,0.436,1.8,5.7,0.32,1.4,2.0,0.683,1.2,4.5,5.6,1.9,1.0,0.8,1.3,2.3,12.9,-1.8
Paolo Banchero,ORL,21.0,80,35.0,8.0,17.6,0.455,1.5,4.4,0.339,5.1,7.0,0.725,1.0,5.9,6.9,5.4,0.9,0.6,3.1,1.9,22.6,0.0
Pascal Siakam,IND,30.0,80,33.2,8.5,15.9,0.536,1.1,3.1,0.346,3.6,5.0,0.732,1.7,5.3,7.1,4.3,0.8,0.3,1.8,2.4,21.7,1.4
Pat Connaughton,MIL,31.0,76,22.1,2.0,4.6,0.435,1.1,3.1,0.345,0.6,0.8,0.759,0.7,2.5,3.1,2.1,0.5,0.3,0.6,1.3,5.6,-0.2
Pat Spencer,GSW,27.0,6,4.3,0.3,0.7,0.5,0.0,0.3,0.0,0.0,0.0,0.0,0.3,0.3,0.7,0.8,0.0,0.0,0.2,0.2,0.7,-1.0
Patrick Baldwin Jr.,WAS,21.0,38,13.0,1.6,4.1,0.381,0.8,2.6,0.32,0.5,0.7,0.679,0.4,2.8,3.2,0.8,0.5,0.4,0.5,1.5,4.4,-0.6
Patrick Beverley,MIL,35.0,73,20.0,2.2,5.2,0.417,0.8,2.5,0.337,1.0,1.2,0.822,0.7,2.6,3.3,2.9,0.6,0.4,0.9,1.8,6.2,-0.8
Patrick Williams,CHI,22.0,43,27.3,3.7,8.3,0.443,1.4,3.4,0.399,1.2,1.5,0.788,1.1,2.8,3.9,1.5,0.9,0.8,1.3,2.0,10.0,-0.3
Patty Mills,MIA,35.0,32,13.0,1.4,4.1,0.351,0.8,2.7,0.276,0.3,0.3,1.0,0.3,0.8,1.1,1.1,0.6,0.0,0.5,1.0,4.0,0.2
Paul George,LAC,34.0,74,33.8,7.9,16.7,0.471,3.3,7.9,0.413,3.6,3.9,0.907,0.5,4.7,5.2,3.5,1.5,0.5,2.1,2.7,22.6,6.2
Paul Reed,PHI,25.0,82,19.4,3.2,5.9,0.54,0.3,0.7,0.368,0.7,1.0,0.718,2.4,3.6,6.0,1.3,0.8,1.0,0.8,2.4,7.3,1.2
Payton Pritchard,BOS,26.0,82,22.3,3.6,7.7,0.468,1.8,4.7,0.385,0.6,0.7,0.821,0.9,2.4,3.2,3.4,0.5,0.1,0.7,1.3,9.6,5.5
Pete Nance,CLE,24.0,8,3.4,0.1,0.8,0.167,0.1,0.1,1.0,0.0,0.3,0.0,0.0,0.4,0.4,0.0,0.1,0.0,0.1,0.3,0.4,-2.9
Peyton Watson,DEN,21.0,80,18.6,2.6,5.6,0.465,0.6,1.9,0.296,0.9,1.3,0.67,0.7,2.5,3.2,1.1,0.5,1.1,0.7,1.8,6.7,-0.9
Precious Achiuwa,NYK,24.0,74,21.9,3.2,6.3,0.501,0.4,1.3,0.268,0.9,1.5,0.616,2.6,4.0,6.6,1.3,0.6,0.9,1.1,1.9,7.6,-0.6
Quentin Grimes,DET,24.0,51,20.1,2.4,6.4,0.372,1.6,4.7,0.338,0.7,0.9,0.756,0.3,1.7,2.0,1.3,0.7,0.1,0.5,1.5,7.0,-0.8
Quenton Jackson,IND,25.0,3,3.5,0.0,0.3,0.0,0.0,0.0,0.0,0.7,0.7,1.0,0.0,1.3,1.3,0.7,0.3,0.0,0.0,0.3,0.7,0.0
R.J. Hampton,MIA,23.0,8,9.5,0.5,1.8,0.286,0.1,1.0,0.125,0.1,0.3,0.5,0.3,0.5,0.8,1.0,0.0,0.0,0.4,1.0,1.3,2.6
RJ Barrett,TOR,24.0,58,31.7,7.5,15.2,0.495,1.6,4.3,0.36,3.6,5.0,0.715,0.9,4.5,5.4,3.3,0.5,0.4,2.2,2.2,20.2,-2.6
RaiQuan Gray,SAS,24.0,3,13.0,3.3,5.7,0.588,1.0,2.3,0.429,0.0,0.0,0.0,0.7,1.7,2.3,2.0,0.3,0.3,0.3,0.0,7.7,4.7
Rayan Rupert,POR,20.0,39,16.2,1.4,4.1,0.335,0.7,2.0,0.359,0.5,0.6,0.76,0.6,1.7,2.4,1.6,0.3,0.1,0.8,1.4,4.0,-3.2
Reggie Bullock Jr.,HOU,33.0,44,9.5,0.8,1.9,0.415,0.6,1.5,0.403,0.0,0.0,1.0,0.1,1.5,1.7,0.3,0.3,0.1,0.2,0.7,2.2,-1.2
Reggie Jackson,DEN,34.0,82,22.2,4.0,9.2,0.431,1.2,3.5,0.359,1.0,1.2,0.806,0.4,1.5,1.9,3.8,0.5,0.1,1.3,1.8,10.2,1.0
Richaun Holmes,WAS,30.0,40,13.9,2.1,3.7,0.558,0.0,0.1,0.333,0.9,1.2,0.723,1.8,2.8,4.6,0.6,0.3,0.5,0.6,1.9,5.0,-2.3
Ricky Council IV,PHI,22.0,32,9.0,1.7,3.5,0.482,0.4,1.0,0.375,1.7,2.2,0.746,0.4,1.0,1.4,0.5,0.3,0.0,0.2,0.5,5.4,0.4
Robert Covington,PHI,33.0,29,16.8,1.5,3.4,0.439,0.7,1.9,0.339,0.8,0.9,0.846,1.1,2.3,3.3,0.8,1.3,0.6,0.4,1.9,4.4,3.6
Robert Williams III,POR,26.0,6,19.8,2.8,4.3,0.654,0.0,0.0,0.0,1.2,1.5,0.778,1.8,4.5,6.3,0.8,1.2,1.2,1.2,2.8,6.8,-5.0
Robin Lopez,MIL,36.0,16,4.0,0.4,1.2,0.368,0.1,0.5,0.25,0.1,0.1,1.0,0.2,0.1,0.3,0.3,0.1,0.2,0.1,0.4,1.1,-1.4
Ron Harper Jr.,TOR,24.0,1,3.7,0.0,0.0,0.0,0.0,0.0,0.0,0.0,0.0,0.0,0.0,0.0,0.0,1.0,0.0,0.0,0.0,2.0,0.0,-9.0
Royce O'Neale,PHX,31.0,79,24.7,2.7,6.8,0.397,2.0,5.3,0.37,0.3,0.4,0.686,0.8,4.0,4.8,2.8,0.7,0.6,0.9,2.2,7.7,1.5
Rudy Gobert,MIN,32.0,76,34.1,5.3,8.1,0.661,0.0,0.0,0.0,3.3,5.1,0.638,3.8,9.2,12.9,1.3,0.7,2.1,1.6,3.1,14.0,5.4
Rui Hachimura,LAL,26.0,68,26.8,5.3,9.9,0.537,1.4,3.4,0.422,1.5,2.0,0.739,0.9,3.5,4.3,1.2,0.6,0.4,0.7,1.5,13.6,1.8
Russell Westbrook,LAC,35.0,68,22.5,4.4,9.8,0.454,0.6,2.3,0.273,1.6,2.4,0.688,1.4,3.7,5.0,4.5,1.1,0.3,2.1,1.8,11.1,1.5
Ryan Arcidiacono,NYK,30.0,20,2.3,0.0,0.3,0.0,0.0,0.3,0.0,0.0,0.0,0.0,0.0,0.4,0.4,0.2,0.1,0.0,0.1,0.3,0.0,0.1
Ryan Rollins,MIL,21.0,13,6.0,1.1,2.1,0.519,0.2,0.3,0.75,1.0,1.3,0.765,0.2,0.8,1.0,1.1,0.8,0.2,0.6,0.6,3.4,4.8
Saben Lee,PHX,25.0,24,7.7,0.8,2.3,0.364,0.1,0.7,0.125,1.2,1.6,0.744,0.4,0.9,1.3,1.3,0.3,0.1,0.3,0.5,3.0,0.6
Saddiq Bey,ATL,25.0,63,32.7,4.6,11.1,0.416,1.8,5.7,0.316,2.7,3.2,0.837,2.7,3.9,6.5,1.5,0.8,0.2,0.9,1.4,13.7,-0.3
Sam Hauser,BOS,26.0,79,22.0,3.2,7.1,0.446,2.5,5.9,0.424,0.2,0.2,0.895,0.6,2.9,3.5,1.0,0.5,0.3,0.4,1.3,9.0,6.2
Sam Merrill,CLE,28.0,61,17.5,2.6,6.4,0.402,2.3,5.8,0.404,0.4,0.5,0.929,0.4,1.6,2.0,1.8,0.3,0.1,0.3,1.2,8.0,0.5
Sandro Mamukelashvili,SAS,25.0,46,9.8,1.6,3.4,0.471,0.4,1.4,0.297,0.5,0.7,0.735,1.0,2.2,3.2,1.1,0.2,0.3,0.4,0.8,4.1,1.0
Santi Aldama,MEM,23.0,61,26.5,4.0,9.3,0.435,1.7,5.0,0.349,0.9,1.4,0.621,1.2,4.6,5.8,2.3,0.7,0.9,1.1,1.5,10.7,-4.5
Sasha Vezenkov,SAC,28.0,42,12.2,2.0,4.5,0.44,1.1,2.9,0.375,0.3,0.4,0.8,0.7,1.6,2.3,0.5,0.5,0.2,0.3,1.0,5.4,0.0
Scoot Henderson,POR,20.0,62,28.5,5.0,12.9,0.385,1.4,4.3,0.325,2.7,3.3,0.819,0.9,2.3,3.1,5.4,0.8,0.2,3.4,3.1,14.0,-8.0
Scottie Barnes,TOR,22.0,60,34.9,7.5,15.7,0.475,1.7,4.9,0.341,3.3,4.2,0.781,2.4,5.9,8.2,6.1,1.3,1.5,2.8,2.0,19.9,-2.4
Scotty Pippen Jr.,MEM,23.0,21,25.1,4.8,9.7,0.493,1.4,3.4,0.417,2.0,2.6,0.745,1.0,2.1,3.2,4.7,1.7,0.5,2.7,2.9,12.9,-3.4
Seth Curry,CHA,33.0,44,14.0,1.8,4.6,0.392,0.9,2.5,0.352,0.6,0.7,0.903,0.4,1.1,1.5,1.0,0.5,0.1,0.5,0.9,5.1,1.4
Seth Lundy,ATL,24.0,9,5.8,0.4,1.9,0.235,0.3,1.4,0.231,0.3,0.4,0.75,0.1,0.7,0.8,0.0,0.0,0.0,0.1,0.7,1.6,-1.4
Shaedon Sharpe,POR,21.0,32,33.1,5.5,13.6,0.406,1.9,5.6,0.333,3.1,3.7,0.824,1.3,3.7,5.0,2.9,0.9,0.4,2.3,2.8,15.9,-7.7
Shai Gilgeous-Alexander,OKC,25.0,75,34.0,10.6,19.8,0.535,1.3,3.6,0.353,7.6,8.7,0.874,0.9,4.7,5.5,6.2,2.0,0.9,2.2,2.5,30.1,8.2
Shake Milton,NYK,27.0,48,12.1,1.6,4.1,0.405,0.4,1.3,0.281,0.8,1.0,0.816,0.3,1.3,1.6,1.3,0.4,0.1,0.6,1.1,4.5,-1.0
Shaquille Harrison,MEM,30.0,3,2.0,0.3,0.7,0.5,0.0,0.0,0.0,0.0,0.0,0.0,0.0,0.7,0.7,0.0,0.0,0.3,0.0,0.0,0.7,-3.7
Sidy Cissoko,SAS,20.0,12,11.7,1.3,2.8,0.485,0.1,1.0,0.083,1.0,1.3,0.8,0.7,1.2,1.8,0.8,0.6,0.3,0.3,1.5,3.8,2.1
Simone Fontecchio,DET,28.0,66,24.9,3.8,8.3,0.46,2.0,5.1,0.401,0.8,1.0,0.818,1.0,2.8,3.7,1.5,0.7,0.3,1.0,1.7,10.5,-0.4
Skylar Mays,LAL,26.0,38,11.4,1.7,4.2,0.396,0.4,1.4,0.296,0.3,0.4,0.765,0.3,0.9,1.1,2.2,0.6,0.1,0.5,0.7,4.1,-2.7
Spencer Dinwiddie,LAL,31.0,76,28.3,3.3,8.4,0.392,1.6,4.8,0.337,2.2,2.8,0.805,0.4,2.3,2.7,4.7,0.7,0.3,1.2,1.8,10.5,0.9
Stanley Umude,DET,25.0,24,12.8,1.5,3.5,0.44,1.0,2.2,0.453,1.2,1.3,0.906,0.3,1.8,2.1,0.5,0.3,0.3,0.6,1.7,5.3,-3.1
Stephen Curry,GSW,36.0,74,32.7,8.8,19.5,0.45,4.8,11.8,0.408,4.0,4.4,0.923,0.5,4.0,4.5,5.1,0.7,0.4,2.8,1.6,26.4,2.6
Svi Mykhailiuk,BOS,27.0,41,10.1,1.4,3.3,0.416,1.0,2.6,0.389,0.1,0.2,0.667,0.3,1.0,1.2,0.9,0.3,0.0,0.3,0.5,4.0,3.6
T.J. McConnell,IND,32.0,71,18.2,4.6,8.4,0.556,0.3,0.6,0.409,0.7,0.9,0.79,0.5,2.2,2.7,5.5,1.0,0.1,1.5,1.1,10.2,1.3
T.J. Warren,MIN,30.0,11,11.3,1.6,3.7,0.439,0.2,1.2,0.154,0.3,0.4,0.75,0.5,1.5,2.0,0.8,0.4,0.1,0.4,1.0,3.7,4.6
Taj Gibson,DET,39.0,20,10.2,0.8,1.9,0.405,0.1,0.5,0.2,0.1,0.1,1.0,0.6,1.3,1.9,0.6,0.2,0.4,0.3,1.6,1.7,-1.5
Talen Horton-Tucker,UTA,23.0,51,19.8,3.6,9.1,0.396,1.2,3.6,0.33,1.7,2.1,0.807,0.4,2.0,2.4,3.5,0.9,0.4,1.3,1.8,10.1,-2.1
Tari Eason,HOU,23.0,22,21.8,4.0,8.6,0.466,0.8,2.3,0.36,1.0,1.5,0.636,2.1,4.9,7.0,1.2,1.4,0.9,0.9,2.3,9.8,4.0
Taurean Prince,LAL,30.0,78,27.0,3.2,7.3,0.442,1.8,4.6,0.396,0.6,0.9,0.735,0.3,2.7,2.9,1.5,0.7,0.4,0.9,1.9,8.9,-1.5
Taylor Hendricks,UTA,20.0,40,21.4,2.7,6.0,0.45,1.3,3.5,0.379,0.6,0.7,0.793,1.2,3.5,4.6,0.8,0.7,0.8,0.7,1.9,7.3,-3.8
Taze Moore,POR,26.0,4,10.1,2.0,4.8,0.421,0.3,1.8,0.143,0.3,0.5,0.5,1.0,1.0,2.0,1.3,0.5,0.0,0.8,1.0,4.5,-5.5
Terance Mann,LAC,27.0,75,25.0,3.4,6.6,0.515,0.9,2.7,0.348,1.1,1.3,0.832,1.2,2.2,3.4,1.6,0.6,0.2,0.6,1.9,8.8,0.7
Terquavion Smith,PHI,21.0,16,5.3,1.1,2.9,0.391,0.8,2.2,0.371,0.2,0.3,0.6,0.0,0.3,0.3,0.8,0.5,0.0,0.4,0.5,3.3,-0.4
Terry Rozier,MIA,30.0,61,33.4,7.2,16.4,0.443,2.4,6.7,0.363,2.8,3.2,0.869,0.6,3.5,4.0,5.6,1.0,0.3,1.7,1.7,19.8,-4.8
Terry Taylor,CHI,24.0,31,6.1,0.6,1.3,0.513,0.1,0.3,0.222,0.1,0.2,0.8,0.5,0.6,1.2,0.3,0.2,0.1,0.2,0.5,1.5,0.5
Thaddeus Young,PHX,36.0,33,13.3,2.0,3.3,0.602,0.0,0.2,0.143,0.2,0.5,0.4,1.4,1.7,3.1,1.7,0.7,0.2,0.5,1.5,4.2,-1.2
Thanasis Antetokounmpo,MIL,31.0,34,4.6,0.5,0.9,0.533,0.0,0.0,0.0,0.0,0.1,0.0,0.2,0.2,0.4,0.5,0.2,0.1,0.4,0.7,0.9,-1.2
Theo Maledon,PHX,23.0,17,12.5,1.2,4.1,0.286,0.3,1.8,0.167,0.8,0.9,0.933,0.2,1.2,1.4,1.6,0.4,0.0,1.1,1.2,3.5,-3.8
Thomas Bryant,MIA,26.0,38,11.6,2.3,3.9,0.577,0.1,0.6,0.182,1.1,1.2,0.872,1.1,2.7,3.7,0.6,0.3,0.4,0.6,1.2,5.7,0.3
Tim Hardaway Jr.,DAL,32.0,79,26.8,5.0,12.4,0.402,2.7,7.6,0.353,1.8,2.1,0.852,0.3,2.9,3.2,1.8,0.5,0.1,0.9,1.3,14.4,0.2
Timmy Allen,MEM,24.0,5,25.1,1.2,4.6,0.261,0.0,1.4,0.0,0.2,0.4,0.5,0.8,2.6,3.4,1.0,0.8,0.0,0.4,3.6,2.6,-13.0
Tobias Harris,PHI,31.0,70,33.8,6.6,13.6,0.487,1.3,3.7,0.353,2.7,3.0,0.878,1.1,5.3,6.5,3.1,1.0,0.7,1.3,1.6,17.2,3.2
Torrey Craig,CHI,33.0,53,19.8,2.0,4.7,0.43,1.1,2.9,0.392,0.5,0.7,0.75,1.3,2.8,4.1,1.1,0.6,0.4,0.6,2.1,5.7,-3.4
Tosan Evbuomwan,DET,23.0,17,21.6,2.1,4.2,0.507,0.7,1.9,0.375,1.0,1.5,0.68,1.1,2.5,3.5,0.9,0.4,0.3,0.5,1.4,5.9,-7.5
Toumani Camara,POR,24.0,70,24.8,2.8,6.3,0.45,0.8,2.5,0.337,1.1,1.4,0.758,2.0,2.9,4.9,1.2,0.9,0.5,1.2,2.5,7.5,-2.7
Trae Young,ATL,25.0,54,36.0,8.0,18.7,0.43,3.2,8.7,0.373,6.4,7.5,0.855,0.4,2.3,2.8,10.8,1.3,0.2,4.4,2.0,25.7,-2.1
Trayce Jackson-Davis,GSW,24.0,68,16.6,3.4,4.9,0.702,0.0,0.0,0.0,1.1,1.9,0.561,2.0,3.0,5.0,1.2,0.4,1.1,0.7,1.6,7.9,0.5
Tre Jones,SAS,24.0,77,27.8,3.9,7.8,0.505,0.8,2.5,0.335,1.3,1.5,0.856,0.8,3.0,3.8,6.2,1.0,0.1,1.5,1.2,10.0,-0.3
Tre Mann,CHA,23.0,41,24.1,3.5,7.7,0.459,1.1,3.1,0.373,1.1,1.4,0.763,0.5,3.1,3.6,4.0,1.2,0.1,1.6,1.2,9.3,-3.1
Trendon Watford,BKN,23.0,63,13.6,2.6,4.9,0.527,0.4,1.1,0.397,1.2,1.5,0.794,0.8,2.3,3.1,1.3,0.4,0.3,1.0,1.7,6.9,-1.2
Trent Forrest,ATL,26.0,38,10.9,0.9,2.4,0.378,0.1,0.3,0.2,0.3,0.4,0.765,0.3,1.1,1.3,2.4,0.3,0.1,0.5,0.7,2.2,-2.5
Trevelin Queen,ORL,27.0,14,11.8,1.0,2.7,0.368,0.2,1.2,0.176,0.6,0.9,0.75,0.2,1.2,1.4,1.3,0.5,0.4,0.5,1.1,2.9,-0.6
Trey Jemison III,MEM,24.0,25,23.0,3.0,5.4,0.551,0.0,0.0,0.0,0.8,1.0,0.84,2.6,2.8,5.4,1.1,0.5,1.1,1.4,2.8,6.8,-4.4
Trey Lyles,SAC,28.0,58,20.0,2.5,5.5,0.445,1.4,3.8,0.384,0.8,1.2,0.7,1.1,3.4,4.4,1.2,0.3,0.3,0.7,1.5,7.2,3.1
Trey Murphy III,NOP,24.0,57,29.7,4.8,10.9,0.443,3.0,7.8,0.38,2.2,2.6,0.815,0.7,4.2,4.9,2.2,0.9,0.5,0.6,1.2,14.8,4.6
Tristan Thompson,CLE,33.0,49,11.2,1.5,2.4,0.613,0.0,0.0,0.0,0.3,1.1,0.288,1.5,2.1,3.6,1.0,0.2,0.3,0.6,1.2,3.3,-0.3
Tristan Vukcevic,WAS,21.0,10,15.3,2.9,6.7,0.433,1.0,3.6,0.278,1.7,2.2,0.773,0.6,3.0,3.6,1.3,0.5,0.7,1.0,2.8,8.5,3.2
Troy Brown Jr.,DET,24.0,59,14.0,1.4,3.8,0.372,0.8,2.4,0.333,0.5,0.6,0.865,0.4,2.0,2.4,1.0,0.4,0.1,0.5,0.7,4.2,-2.2
Ty Jerome,CLE,26.0,2,7.4,1.0,2.0,0.5,0.0,0.5,0.0,0.0,0.0,0.0,0.5,0.0,0.5,1.5,0.0,0.0,0.5,1.0,2.0,-7.0
TyTy Washington Jr.,MIL,22.0,11,5.1,0.5,1.8,0.3,0.2,0.5,0.333,0.0,0.0,0.0,0.1,0.4,0.5,0.5,0.3,0.0,0.2,0.1,1.3,-1.2
Tyler Herro,MIA,24.0,42,33.5,7.7,17.5,0.441,3.1,7.9,0.396,2.3,2.6,0.856,0.5,4.8,5.3,4.5,0.7,0.1,2.2,1.5,20.8,0.7
Tyrese Haliburton,IND,24.0,69,32.2,7.2,15.2,0.477,2.8,7.8,0.364,2.8,3.3,0.855,0.5,3.4,3.9,10.9,1.2,0.7,2.3,1.1,20.1,4.3
Tyrese Maxey,PHI,23.0,70,37.5,9.1,20.3,0.45,3.0,8.1,0.373,4.7,5.4,0.868,0.5,3.2,3.7,6.2,1.0,0.5,1.7,2.2,25.9,4.3
Tyus Jones,WAS,28.0,66,29.3,4.9,10.1,0.489,1.6,3.9,0.414,0.5,0.6,0.8,0.3,2.4,2.7,7.3,1.1,0.3,1.0,0.7,12.0,-7.5
Udoka Azubuike,PHX,24.0,16,7.1,1.0,1.4,0.696,0.0,0.0,0.0,0.2,0.8,0.231,0.7,1.3,2.0,0.2,0.1,0.4,0.3,1.1,2.2,-3.0
Usman Garuba,GSW,22.0,6,3.0,0.2,1.0,0.167,0.0,0.2,0.0,0.2,0.3,0.5,0.5,0.7,1.2,0.2,0.2,0.5,0.3,0.3,0.5,-1.8
Vasilije Micic,CHA,30.0,60,19.6,2.7,6.2,0.43,0.7,2.6,0.279,1.0,1.3,0.813,0.2,1.2,1.5,4.4,0.5,0.1,1.7,1.1,7.0,-1.2
Victor Wembanyama,SAS,20.0,71,29.7,7.8,16.7,0.465,1.8,5.5,0.325,4.1,5.2,0.796,2.3,8.4,10.6,3.9,1.2,3.6,3.7,2.2,21.4,-2.0
Vince Williams Jr.,MEM,23.0,52,27.6,3.3,7.3,0.446,1.5,4.0,0.378,2.0,2.5,0.8,1.1,4.4,5.6,3.4,0.9,0.7,1.8,2.6,10.0,-1.8
Vít Krejčí,ATL,24.0,22,24.6,2.3,4.7,0.49,1.3,3.1,0.412,0.2,0.3,0.833,0.5,1.9,2.4,2.3,0.6,0.3,0.9,2.2,6.1,0.0
Walker Kessler,UTA,22.0,64,23.3,3.6,5.5,0.654,0.1,0.3,0.211,0.9,1.5,0.602,2.6,4.9,7.5,0.9,0.5,2.4,1.0,2.1,8.1,-2.3
Wendell Carter Jr.,ORL,25.0,55,25.6,4.1,7.7,0.525,1.2,3.1,0.374,1.7,2.4,0.694,2.0,4.9,6.9,1.7,0.6,0.5,1.2,2.2,11.0,0.9
Wendell Moore Jr.,MIN,22.0,25,3.0,0.4,0.7,0.5,0.0,0.2,0.0,0.0,0.0,0.0,0.0,0.5,0.5,0.2,0.2,0.0,0.2,0.2,0.7,-0.2
Wenyen Gabriel,MEM,27.0,5,16.2,1.6,4.4,0.364,0.2,1.2,0.167,0.0,1.0,0.0,1.4,3.6,5.0,0.6,0.4,0.4,1.6,2.0,3.4,-3.2
Wesley Matthews,ATL,37.0,36,11.5,0.9,2.7,0.351,0.7,1.9,0.348,0.5,0.7,0.75,0.3,1.2,1.5,0.6,0.4,0.3,0.2,1.2,3.1,-1.9
Xavier Moon,LAC,29.0,14,8.5,1.1,3.3,0.326,0.1,1.2,0.118,0.1,0.1,0.5,0.6,0.7,1.3,1.5,0.2,0.2,0.4,0.6,2.4,-2.6
Xavier Tillman,BOS,25.0,54,18.0,2.2,5.2,0.434,0.4,1.5,0.247,0.4,0.9,0.44,1.3,2.6,3.9,1.4,0.9,0.8,0.6,1.4,5.3,-1.1
Yuta Watanabe,MEM,29.0,34,13.7,1.2,3.4,0.353,0.7,2.5,0.294,0.3,0.5,0.588,0.3,1.3,1.6,0.4,0.4,0.2,0.6,1.1,3.4,-1.9
Zach Collins,SAS,26.0,69,22.1,4.3,8.9,0.484,0.8,2.6,0.32,1.8,2.3,0.753,1.7,3.7,5.4,2.8,0.5,0.8,1.9,3.0,11.2,-5.7
Zach LaVine,CHI,29.0,25,34.9,6.8,15.0,0.452,2.4,6.8,0.349,3.5,4.1,0.854,0.3,4.8,5.2,3.9,0.8,0.3,2.1,2.3,19.5,-3.7
Zavier Simpson,MEM,27.0,7,23.1,2.4,7.7,0.315,0.7,2.4,0.294,0.4,0.6,0.75,0.6,2.3,2.9,3.6,1.0,0.4,1.4,1.6,6.0,-4.1
Zeke Nnaji,DEN,23.0,58,9.9,1.2,2.6,0.463,0.1,0.4,0.261,0.7,1.1,0.677,1.1,1.1,2.2,0.6,0.3,0.7,0.5,1.4,3.2,-2.9
Ziaire Williams,MEM,22.0,51,20.3,2.9,7.4,0.397,1.1,3.7,0.307,1.2,1.5,0.827,0.7,2.8,3.5,1.5,0.7,0.2,1.3,1.7,8.2,-4.8
Zion Williamson,NOP,23.0,70,31.5,8.9,15.6,0.57,0.1,0.3,0.333,5.0,7.1,0.702,1.7,4.1,5.8,5.0,1.1,0.7,2.8,2.3,22.9,2.0
